Name,Years of experience,Location,City,Consultation Fee,Specialization,Degree
Dr. Satbir Singh,24 years experience overall,Okhla,Delhi,₹1500,Cardiologist,"MBBS, MD - General Medicine, DNB - Cardiology"
Dr. Nityanand Tripathi,31 years experience overall,Dwarka,Delhi,₹700,Cardiologist,"DM - Cardiology, MD - Medicine, MBBS"
Dr. K. K. Kapur,44 years experience overall,Shalimar Bagh,Delhi,₹1500,Cardiologist,"MBBS, MD - General Medicine, DM - Cardiology"
Dr. Amit Mittal,24 years experience overall,Patparganj,Delhi,₹1200,Cardiologist,"MBBS, Fellow of the Royal College of Physicians of Canada (FRCP Canada), FACC"
Dr. S K Gupta,40 years experience overall,Dwarka,Delhi,₹700,Cardiologist,"MBBS, MD - General Medicine, DNB - Cardiology"
Dr. Pradeep Jain,40 years experience overall,Okhla,Delhi,₹1500,Cardiologist,"MBBS, MD - Medicine, DM - Cardiology"
Dr. Rajeev Rathi,37 years experience overall,Pusa Road,Delhi,₹1300,Cardiologist,"MBBS, MD - General Medicine, DNB - Cardiology"
Dr. C P Roy,37 years experience overall,Pusa Road,Delhi,₹2000,Cardiologist,"MBBS, MD - Medicine, DM - Cardiology"
Dr. Saket Bhardwaj,38 years experience overall,Greater Kailash Part 1,Delhi,₹2000,Cardiologist,"MBBS, MD - General Medicine, DM - Cardiology"
Dr. Sumeet Sethi,23 years experience overall,Pusa Road,Delhi,₹1500,Cardiologist,"MBBS, MD - Medicine, DNB - Cardiology, DM - Cardiology"
Dr. Subhash Chandra,39 years experience overall,Pusa Road,Delhi,₹2000,Cardiologist,"MBBS, MD - General Medicine, DM - Cardiology"
Dr. V Hariharan,52 years experience overall,Sarita Vihar,Delhi,₹2500,Cardiologist,"MBBS, MD - General Medicine, DNB - General Medicine, DNB - Cardiology"
Dr. Sunil Modi,47 years experience overall,Sarita Vihar,Delhi,₹1800,Cardiologist,"MBBS, MD - General Medicine, DNB - Cardiology, FNB - Interventional  Cardiology"
Dr. Vivek Gupta,35 years experience overall,Sarita Vihar,Delhi,₹2500,Cardiologist,"MBBS, MD - General Medicine, DM - Cardiology"
Dr. Vanita Arora,28 years experience overall,Sarita Vihar,Delhi,₹1800,Cardiologist,"Doctor of Medicine, DNB - General Medicine, DNB - Cardiology"
Dr. Viveka Kumar,30 years experience overall,Saket,Delhi,₹1200,Cardiologist,"MBBS, MD - Medicine, DM - Cardiology"
Dr. Brajesh Kumar Mishra,24 years experience overall,Saket,Delhi,₹1200,Cardiologist,"MBBS, MD - General Medicine, DM - Cardiology"
Dr. Balbir Singh,36 years experience overall,Saket,Delhi,₹1500,Cardiologist,"MBBS, MD - Medicine, DM - Cardiology"
Dr. Mohan Bhargava,22 years experience overall,Saket,Delhi,₹1500,Cardiologist,"MBBS, MD - Medicine, DM - Cardiology"
Dr. Prashanta Kumar Ghosh,49 years experience overall,Sarita Vihar,Delhi,₹1500,Cardiologist,"MD - Medicine, DM - Cardiology"
Dr. Raman Puri,46 years experience overall,Sarita Vihar,Delhi,₹1500,Cardiologist,"MBBS, MS - General Surgery, MCh - Cardio Thoracic Surgery"
Dr. Rajiv Mehrotra,38 years experience overall,Sarita Vihar,Delhi,₹2000,Cardiologist,"MBBS, MD - General Medicine, DM - Cardiology"
Dr. Prof Narendra Nath Khanna,21 years experience overall,Sarita Vihar,Delhi,₹1200,Cardiologist,"MBBS, DNB - General Medicine, DM - Cardiology, FACC"
Dr. Rajesh Madan,18 years experience overall,Dwarka,Delhi,₹1100,Cardiologist,"MBBS, MD - General Medicine, DM - Cardiology"
Dr. Naveen Bhamri,24 years experience overall,Shalimar Bagh,Delhi,₹1500,Cardiologist,"MBBS, MD - Medicine, DM - Cardiology"
Dr. Chandrashekhar,19 years experience overall,Shalimar Bagh,Delhi,₹1200,Cardiologist,"MBBS, MD - General Medicine, DNB - Cardiology"
Dr. Umesh Gupta,52 years experience overall,Greater Kailash Part 1,Delhi,₹1200,Cardiologist,"MBBS, MD - General Medicine, DM - Cardiology"
Dr. Rashi Khare,17 years experience overall,Shalimar Bagh,Delhi,₹1200,Cardiologist,"MBBS, DM - Cardiology, MD - General Medicine"
Dr. Sameer Gupta,20 years experience overall,Greater Kailash Part 1,Delhi,₹1200,Cardiologist,"MBBS, MD - Medicine, DM - Cardiology, FACC"
Dr. Nishith Chandra,29 years experience overall,Okhla,Delhi,₹2000,Cardiologist,"MBBS, Diploma in Cardiology"
Dr. Nityanand Tripathi,13 years experience overall,Shalimar Bagh,Delhi,₹800,Cardiologist,"MBBS, MD - General Medicine, DM - Cardiology"
Dr. Ashok Khera,44 years experience overall,Ashok Vihar,Delhi,₹1500,Cardiologist,"MBBS, MD - General Medicine, DM - Cardiology"
Dr. Vishal Rastogi,25 years experience overall,Okhla,Delhi,₹1200,Cardiologist,"MBBS, MD - General Medicine, DM - Cardiology"
Dr. Vivudh Pratap Singh,23 years experience overall,Okhla,Delhi,₹1500,Cardiologist,"MBBS, DM - Cardiology"
Dr. Naresh Kumar Goyal,45 years experience overall,New Friends Colony,Delhi,₹1200,Cardiologist,"MBBS, MD - General Medicine, DM - Cardiology"
Dr. Arif Wahab,27 years experience overall,Okhla,Delhi,₹1200,Cardiologist,"MBBS, DNB - General Medicine, DNB - Cardiology"
Dr. Sudhansu Sekhar Parida,28 years experience overall,Okhla,Delhi,₹1200,Cardiologist,"MBBS, MD - Medicine, DM - Cardiology, Fellowship In Interventional  Cardiology"
Dr. Rashi Khare,52 years experience overall,Saket,Delhi,₹2500,Cardiologist,"MBBS, MD - General Medicine, DNB - Cardiology"
Dr. Aparna Jaswal,35 years experience overall,Patel Nagar,Delhi,₹2500,Cardiologist,DM - Cardiology
Dr. Vineet Malik,38 years experience overall,Saket,Delhi,₹1500,Cardiologist,"MBBS, MD - Medicine, DM - Cardiology"
Dr. Pradeep Jain,46 years experience overall,Okhla,Delhi,₹1500,Cardiologist,"MBBS, MD - Medicine, DM - Cardiology"
Dr. Ripen Gupta,37 years experience overall,Dwarka Sector 6,Delhi,₹1100,Cardiologist,"MBBS, MD - Medicine, FNB - Interventional  Cardiology, DM - Cardiology"
Dr. Sameer Gupta,25 years experience overall,Saket,Delhi,₹1200,Cardiologist,"MBBS, MD - Medicine, DM - Cardiology, FACC"
Dr. S S Murthy,41 years experience overall,Okhla,Delhi,₹1500,Cardiologist,"MBBS, MD - General Medicine, DM - Cardiology"
Dr. Sukriti Bhalla,33 years experience overall,Saket,Delhi,₹1200,Cardiologist,"MBBS, MD - Medicine, DNB - Cardiology"
Dr. Rajiv Agarwal,26 years experience overall,Dwarka Sector 12,Delhi,₹1200,Cardiologist,"MBBS, MD - General Medicine, DM - Cardiology"
Dr. Mohan Bhargava,32 years experience overall,Dwarka Sector 6,Delhi,₹1100,Cardiologist,"MBBS, MD - General Medicine, DM - Cardiology"
Dr. Balbir Singh,31 years experience overall,Dwarka Sector 6,Delhi,₹1100,Cardiologist,"MBBS, MD - Medicine, DM - Cardiology"
Dr. Vivek Gupta,26 years experience overall,Okhla,Delhi,₹1500,Cardiologist,"MBBS, MD - Medicine, DNB - Cardiology"
Dr. Amar Parihar,15 years experience overall,Shalimar Bagh,Delhi,₹1200,Cardiologist,"MBBS, MD - Medicine, DM - Cardiology"
Dr. Vivudh Pratap Singh,24 years experience overall,Okhla,Delhi,₹1500,Cardiologist,"MBBS, MD - General Medicine, DM - Cardiology"
Dr. Alok Chopra,41 years experience overall,Safdarjung Enclave,Delhi,₹2000,Cardiologist,"MBBS, DM - Cardiology, MD - Pediatrics"
Dr. Neeraj Bhalla,40 years experience overall,Pusa Road,Delhi,₹2000,Cardiologist,"MBBS, Diplomate of American Board of Internal Medicine (Internal Medicine), Diplomate in Cardiovascular Disease, Diplomate in Interventional Cardiology, Diplomate, American Board of Endovascular Medicine"
Dr. Sameer Mehrotra,33 years experience overall,Pusa Road,Delhi,₹1500,Cardiologist,"MBBS, MD - Medicine, DM - Cardiology"
Dr. Sameer Shrivastava,28 years experience overall,Saket,Delhi,₹2000,Cardiologist,"MBBS, MD - General Medicine, DM - Cardiology"
Dr. Arif Mustaqueem,46 years experience overall,Saket,Delhi,₹1200,Cardiologist,"MBBS, MD - General Medicine, DM - Cardiology, FACC"
Dr. Naresh Kumar Goyal,37 years experience overall,Shalimar Bagh,Delhi,₹1800,Cardiologist,"MBBS, MD - Medicine, DM - Cardiology"
Dr. Ashish Agarwal,32 years experience overall,Dwarka,Delhi,₹700,Cardiologist,"MBBS, MD - General Medicine, DNB - Cardiology, Fellowship In Interventional  Cardiology"
Dr. Vijay Kumar Chopra,22 years experience overall,Saket,Delhi,₹1500,Cardiologist,"MBBS, MD - General Medicine, DM - Cardiology"
Dr. Arif Wahab,39 years experience overall,Sarita Vihar,Delhi,₹2000,Cardiologist,"MBBS, DM - Cardiology, MD - General Medicine"
Dr. Amar Parihar,32 years experience overall,Lajpat Nagar,Delhi,₹1000,Cardiologist,"MBBS, MD - General Medicine, DM - Cardiology"
Dr. Roopa Salwan,33 years experience overall,Saket,Delhi,₹1200,Cardiologist,"MBBS, MD - General Medicine, DM - Cardiology"
Dr. K K Saxena,43 years experience overall,Sarita Vihar,Delhi,₹2000,Cardiologist,"DM - Cardiology, MBBS"
Dr. Arvind Das,24 years experience overall,Saket,Delhi,₹1000,Cardiologist,"MBBS, MD - Medicine, DM - Cardiology, MNAMS - General Surgery"
Dr. Atul Mathur,39 years experience overall,Okhla,Delhi,₹1500,Cardiologist,"MBBS, MD - General Medicine, DNB - Cardiology"
Dr. Vineet Malik,21 years experience overall,Pitampura,Delhi,₹1200,Cardiologist,"MD - General Medicine, DM - Cardiology, MBBS"
Dr. Sukriti Bhalla,16 years experience overall,Rajouri Garden,Delhi,₹1000,Cardiologist,"MBBS, MD - Medicine, DNB - Cardiology"
Dr. Vineet Bhatia,28 years experience overall,Patparganj,Delhi,₹1200,Cardiologist,"MBBS, MD - General Medicine, DM - Cardiology"
Dr. Rajendra Kumar Agarwal,24 years experience overall,Saket,Delhi,₹1000,Cardiologist,"MBBS, MD - Medicine, DM - Cardiology"
Dr. Viney Jetley,30 years experience overall,Okhla,Delhi,₹1500,Cardiologist,"MBBS, MD - Medicine, DM - Cardiology"
Dr. Praveer Aggarwal,24 years experience overall,Okhla,Delhi,₹1500,Cardiologist,"MBBS, MD - General Medicine, DNB - Cardiology, DM - Cardiology"
Dr. Parneesh Arora,33 years experience overall,Patparganj,Delhi,₹1200,Cardiologist,"MBBS, MD - Medicine, DM - Cardiology"
Dr. Arvind Dambalkar,32 years experience overall,Greater Kailash Part 1,Delhi,₹1200,Cardiologist,"MBBS, DNB - General Medicine, DM - Cardiology"
Dr. Ajay Mittal,32 years experience overall,Patparganj,Delhi,₹1200,Cardiologist,"MBBS, MD - Medicine, DM - Cardiology"
Dr. Nishant Tyagi,31 years experience overall,Patparganj,Delhi,₹800,Cardiologist,"MBBS, MD - Medicine, DM - Cardiology"
Dr. Vinay Kumar Bahl,31 years experience overall,Patparganj,Delhi,₹1200,Cardiologist,"MBBS, DM - Cardiology, MD - General Medicine"
Dr. Vijay Kumar,45 years experience overall,Okhla,Delhi,₹1500,Cardiologist,"MBBS, MD - General Medicine, DM - Cardiology, DNB - Cardiology"
Dr. Ashok Seth,13 years experience overall,Okhla,Delhi,₹3000,Cardiologist,"MD - Medicine, DM - Cardiology, MBBS"
Dr. Manoj Kumar,46 years experience overall,Patparganj,Delhi,₹1200,Cardiologist,"MBBS, MD - Medicine, DM - Cardiology"
Dr. Anil Bhatt,13 years experience overall,Patparganj,Delhi,₹1200,Cardiologist,"MBBS, DNB - General Medicine, DM - Cardiology"
Dr. Manish Aggarwal,19 years experience overall,Patparganj,Delhi,₹1000,Cardiologist,"MBBS, DNB - General Medicine, DNB - Cardiology"
Dr. Shriyam Sharan,11 years experience overall,Panchsheel Park,Delhi,? 500,Dentist,"BDS, MDS - Oral Pathology and Oral Microbiology"
Dr. Pummy Chaudhary,5 years experience overall,Dashrath Puri,Delhi,null,Dentist,BDS
Dr. Nikhil,14 years experience overall,Model Town 1,Delhi,null,Dentist,"BDS, MDS - Oral Pathology and Oral Microbiology, DICOI"
Dr. Shikha Goel,17 years experience overall,Malviya Nagar,Delhi,null,Dentist,BDS
Dr. Vishakha Gupta,20 years experience overall,Hari Nagar,Delhi,null,Dentist,"BDS, MDS - Conservative Dentistry & Endodontics"
Dr. Ajay Sharma,30 years experience overall,Saket,Delhi,? 350,Dentist,BDS
Dr. Himesh Jain,16 years experience overall,Paschim Vihar,Delhi,null,Dentist,"BDS, MDS - Periodontics"
Dr. Lanka Mahesh,27 years experience overall,Saket,Delhi,? 400,Dentist,"BDS, MDS - Periodontics"
Dr. Hiten Kalra,11 years experience overall,Dwarka Sector 11,Delhi,? 500,Dentist,"BDS, MDS - Orthodontics and Dentofacial Orthopaedics, Certificate in Cosmetic Dentistry"
Dr. Vikas Yadav,12 years experience overall,Laxmi Nagar,Delhi,null,Dentist,BDS
Dr. Shivani Kataria,20 years experience overall,Hari Nagar,Delhi,? 400,Dentist,"BDS, MDS - Paedodontics And Preventive Dentistry"
Dr. Sanju Lall,7 years experience overall,Greater Kailash Part 1,Delhi,? 500,Dentist,BDS
Dr. Nidhi Gupta,13 years experience overall,Pusa Road,Delhi,? 500,Dentist,"BDS, MDS - Paedodontics And Preventive Dentistry"
Dr. Amit Sagar,6 years experience overall,Chattarpur,Delhi,null,Dentist,"BDS, MDS - Orthodontics and Dentofacial Orthopaedics"
Dr. Priyanka K Kalra,5 years experience overall,Rohini Sector 15,Delhi,null,Dentist,"BDS, MDS - Prosthodontics"
Dr. Vinod Khanna,7 years experience overall,Dwarka,Delhi,? 400,Dentist,BDS
Dr. Ferah Khanna,7 years experience overall,Safdarjung Enclave,Delhi,null,Dentist,"BDS, MDS - Orthodontics"
Dr. Shilpa Bharti,13 years experience overall,Rohini Sector 15,Delhi,? 300,Dentist,BDS
Dr. Shiva Sharma,31 years experience overall,Saket,Delhi,? 500,Dentist,BDS
Dr. Shafaque Parween,14 years experience overall,Okhla,Delhi,? 400,Dentist,"BDS, MDS - Prosthodontist And Crown Bridge"
Dr. Vidhi Dhall,14 years experience overall,Paschim Vihar,Delhi,? 500,Dentist,MDS - Paedodontics And Preventive Dentistry
Dr. Rajeev Aggarwal,15 years experience overall,Vasant Kunj,Delhi,null,Dentist,"BDS, MDS - Periodontics"
Dr. T Chandan,13 years experience overall,Saket,Delhi,? 400,Dentist,BDS
Dr. Sumit Dubey,13 years experience overall,Lajpat Nagar,Delhi,? 300,Dentist,BDS
Dr. Manu Modi,46 years experience overall,Ashok Vihar,Delhi,? 500,Dentist,"BDS, MDS - Periodontics"
Dr. Avinash Singh,19 years experience overall,Uttam Nagar,Delhi,? 500,Dentist,"BDS, MDS - Orthodontics"
Dr. Kamal Batra,18 years experience overall,Defence Colony,Delhi,? 500,Dentist,"MDS - Paedodontics And Preventive Dentistry, BDS"
Dr. Ruchi Gupta,16 years experience overall,Paschim Vihar,Delhi,null,Dentist,"MDS - Prosthodontics, BDS, Certificate in Dental Implants"
Dr. Archi,16 years experience overall,Pitampura,Delhi,? 500,Dentist,"MDS - Orthodontics and Dentofacial Orthopaedics, BDS"
Dr. Vineet Jain,16 years experience overall,Ashok Vihar,Delhi,? 500,Dentist,"BDS, MDS - Periodontology and Oral Implantology"
Dr. Rajat Mathur,21 years experience overall,Pitampura,Delhi,null,Dentist,"BDS, MDS - Operative Dentistry"
Dr. Tarun Ahuja,23 years experience overall,Jagriti Enclave,Delhi,? 500,Dentist,"MDS - Conservative Dentistry & Endodontics, BDS"
Dr. Anuj Manocha,19 years experience overall,Vijaynagar,Delhi,? 500,Dentist,"BDS, MDS - Orthodontics"
Dr. Upama Gupta,13 years experience overall,RK Puram,Delhi,null,Dentist,"BDS, MDS - Orthodontics"
Dr. Pallav Kinra,22 years experience overall,Kalkaji,Delhi,? 500,Dentist,"BDS, MDS - Prosthodontist And Crown Bridge"
Dr. Amogh Tanwar,14 years experience overall,Sheikh Sarai,Delhi,? 500,Dentist,"BDS, MDS - Paedodontics And Preventive Dentistry"
Dr. Ramandeep Singh Chawla,17 years experience overall,Janakpuri,Delhi,? 500,Dentist,BDS
Dr. Rohit Malik,13 years experience overall,Janakpuri,Delhi,? 375,Dentist,"BDS, MDS - Oral Medicine and Radiology, Certificate in Dental Implants, Certificate of Oral Implantology"
Dr. Sunil Datta,23 years experience overall,Paschim Vihar,Delhi,? 500,Dentist,BDS
Dr. Prerna Taneja Mathur,31 years experience overall,New Rajendra Nagar,Delhi,? 350,Dentist,BDS
Dr. Aseem Gulati,23 years experience overall,Jagriti Enclave,Delhi,? 500,Dentist,"BDS, MDS - Orthodontics and Dentofacial Orthopaedics"
Dr. Tushita Singh,23 years experience overall,Greater Kailash Part 2,Delhi,? 350,Dentist,BDS
Dr. Smriti Malhotra Nanda,12 years experience overall,Dwarka Sector 11,Delhi,? 400,Dentist,"BDS, MDS - Orthodontics and Dentofacial Orthopaedics"
Dr. Tanvir Singh,15 years experience overall,Defence Colony,Delhi,? 500,Dentist,"BDS, MDS - Prosthodontist And Crown Bridge"
Dr. Bhupesh Budhiraja,28 years experience overall,Anand Niketan,Delhi,? 300,Dentist,"MDS - Periodontics, BDS"
Dr. Shweta Sehgal,27 years experience overall,Mayur Vihar Ph-II,Delhi,? 500,Dentist,"BDS, MDS - Conservative Dentistry & Endodontics"
Dr. Sarika Solanki,15 years experience overall,Rohini,Delhi,? 500,Dentist,BDS
Dr. Ankit Jain,21 years experience overall,Dwarka,Delhi,null,Dentist,"MDS - Oral Pathology and Oral Microbiology, BDS"
Dr. Pratik Aggrawal,13 years experience overall,Rohini Sector 15,Delhi,? 500,Dentist,"BDS, MDS - Paedodontics And Preventive Dentistry"
Dr. Anurag Ahuja,11 years experience overall,Dwarka Sector 23,Delhi,? 500,Dentist,BDS
Dr. Avneet Singh Chopra,7 years experience overall,Greater Kailash Part 1,Delhi,null,Dentist,BDS
Dr. Sumit Datta,11 years experience overall,Lajpat Nagar,Delhi,? 300,Dentist,"BDS, MDS - Paedodontics And Preventive Dentistry"
Dr. Taranjit Singh,15 years experience overall,Greater Kailash Part 1,Delhi,null,Dentist,BDS
Dr. Karandeep Singh,5 years experience overall,Dashrath Puri,Delhi,? 300,Dentist,BDS
Dr. Jaynit Tandon,17 years experience overall,Greater Kailash Part 1,Delhi,null,Dentist,BDS
Dr. Gurleen Kaur,10 years experience overall,Dwarka Sector 12,Delhi,null,Dentist,"BDS, MDS"
Dr. Jatin Ahuja,13 years experience overall,Dwarka Sector 12,Delhi,? 200,Dentist,"BDS, PhD - Orthodontics & Dentofacial Orthopaedics"
Dr. Vishu Aggarwal,12 years experience overall,Karkardooma,Delhi,null,Dentist,"BDS, MDS - Prosthodontics"
Dr. Gunita Singh,12 years experience overall,Punjabi Bagh,Delhi,? 500,Dentist,"MDS - Prosthodontist And Crown Bridge, BDS"
Dr. Sarcha Kaushal,25 years experience overall,Anand Niketan,Delhi,? 500,Dentist,BDS
Dr. Prerna,8 years experience overall,Khanpur,Delhi,null,Dentist,BDS
Dr. Anil Kohli,6 years experience overall,Rohini,Delhi,? 400,Dentist,BDS
Dr. Vishal Sood,46 years experience overall,Lajpat Nagar,Delhi,? 500,Dentist,"BDS, MDS - Periodontics"
Dr. Parul Gupta,25 years experience overall,Mayur Vihar Ph-I,Delhi,? 300,Dentist,BDS
Dr. Pinky K Dhingra,21 years experience overall,Rohini,Delhi,? 300,Dentist,"MDS - Periodontology and Oral Implantology, Certificate in Cosmetic Dentistry, BDS"
Dr. Shalu,12 years experience overall,Pitampura,Delhi,null,Dentist,"BDS, MDS - Oral Medicine and Radiology"
Dr. Shilpa Bharti,3 years experience overall,Laxmi Nagar,Delhi,? 500,Dentist,BDS
Dr. Mayank Mukhi,15 years experience overall,Malviya Nagar,Delhi,? 500,Dentist,BDS
Dr. Rajesh Gandhi,15 years experience overall,Saket,Delhi,? 300,Dentist,"BDS, MDS - Prosthodontist And Crown Bridge"
Dr. Pankaj Rao,26 years experience overall,Green Park,Delhi,? 300,Dentist,"BDS, MDS - Conservative Dentistry & Endodontics"
Dr. Prashant Nanda,17 years experience overall,Dwarka,Delhi,? 200,Dentist,"BDS, MDS - Prosthodontist And Crown Bridge"
Dr. Vishal Gupta,24 years experience overall,New Friends Colony,Delhi,? 500,Dentist,BDS
Dr. Amit Dania,25 years experience overall,Lajpat Nagar,Delhi,? 500,Dentist,"BDS, MDS - Periodontics"
Dr. Manish Sharma,25 years experience overall,Kailash Colony,Delhi,? 500,Dentist,"BDS, MDS - Pedodontics, Certificate of Oral Implantology"
Dr. Abhinav Gupta,20 years experience overall,Vijaynagar,Delhi,? 300,Dentist,"BDS, MDS - Paedodontics And Preventive Dentistry"
Dr. Rasleen Ahuja,7 years experience overall,Mayur Vihar Ph-I,Delhi,? 400,Dentist,"BDS, MDS - Orthodontics"
Dr. Rupal Agrawal,26 years experience overall,Dwarka,Delhi,? 500,Dentist,"BDS, MDS - Periodontics"
Dr. Poonam Malik Sehrawat,19 years experience overall,Vasant Kunj,Delhi,null,Dentist,"BDS, MDS - Prosthodontics"
Dr. Kanika,6 years experience overall,Tagore Garden,Delhi,? 500,Dentist,BDS
Dr. Ajay Thakur,15 years experience overall,Chattarpur,Delhi,? 400,Dentist,BDS
Dr. Shivani Nivedita,13 years experience overall,Dwarka Sector 22,Delhi,? 500,Dentist,BDS
Dr. Akanksha Tokas,6 years experience overall,Dwarka,Delhi,? 250,Dentist,"BDS, MDS - Prosthodontist And Crown Bridge, Certificate of Oral Implantology"
Dr. Uday Sharma,5 years experience overall,Uttam Nagar,Delhi,? 500,Dentist,"BDS, MDS - Prosthodontics"
Dr. Manju Kaushik,30 years experience overall,Lajpat Nagar,Delhi,? 200,Dentist,"BDS, MDS - Orthodontics"
Dr. Arvinder Kaur,13 years experience overall,IP Extension,Delhi,? 500,Dentist,"BDS, MDS - Orthodontics and Dentofacial Orthopaedics"
Dr. Vivek Kumar,5 years experience overall,Pandav Nagar,Delhi,? 400,Dentist,BDS
Dr. Nishtha Agarwal,14 years experience overall,Patparganj,Delhi,? 500,Dentist,BDS
Dr. Aman Popli,27 years experience overall,Shalimar Bagh,Delhi,null,Dentist,BDS
Dr. Sushil Kumar Singh,16 years experience overall,Jagriti Enclave,Delhi,null,Dentist,"BDS, MDS - Conservative Dentistry & Endodontics"
Dr. Shiana Bansal,12 years experience overall,Ashok Vihar,Delhi,? 500,Dentist,BDS
Dr. Manisha Nagar Baisoya,12 years experience overall,Ashok Vihar,Delhi,? 500,Dentist,BDS
Dr. Kanishka Dua,15 years experience overall,Lajpat Nagar,Delhi,? 500,Dentist,BDS
Dr. Rohit Gupta,7 years experience overall,Paschim Vihar,Delhi,null,Dentist,"BDS, MDS"
Dr. Mudita Gupta,10 years experience overall,Pitampura,Delhi,null,Dentist,"BDS, MDS - Conservative Dentistry & Endodontics"
Dr. Rohit Chandra,22 years experience overall,Alaknanda,Delhi,? 300,Dentist,"MDS - Orthodontics, BDS"
Dr. Priya  Sharma,5 years experience overall,Paschim Vihar,Delhi,? 400,Dentist,BDS
Dr. Anjali Agarwal,11 years experience overall,Anand Niketan,Delhi,? 300,Dentist,"BDS, MDS - Prosthodontics"
Dr. Prof Rachit Walia,15 years experience overall,Lajpat Nagar,Delhi,? 500,Dentist,"BDS, MDS - Prosthodontics, Fellowship and Diplomate in Implantology from ICOI (USA), PGDE (Cosmetic & Esthetic Dentist)"
Dr. Smita Kular,34 years experience overall,Sarita Vihar,Delhi,₹1600,Gynecologist,"MBBS, MD - Obstetrics & Gynaecology, DNB - Obstetrics & Gynecology"
Dr. Shweta Sardana Lochan,17 years experience overall,Nehru Place,Delhi,₹800,Gynecologist,"DNB - Obstetrics & Gynecology, DGO, MNAMS - Obstetrics & Gynaecology, MBBS"
Dr. Manju Gupta,17 years experience overall,Patparganj,Delhi,₹700,Gynecologist,"MBBS, MD - Obstetrics & Gynaecology"
Dr. Ramnik Sabharwal,23 years experience overall,Punjabi Bagh,Delhi,₹800,Gynecologist,"MBBS, DNB - Obstetrics & Gynecology"
Dr. Suman Sabharwal,48 years experience overall,Paschim Vihar,Delhi,₹800,Gynecologist,"MBBS, DGO, Fellow of Indian College of Obstetrics and Gynecology (FICOG)"
Dr. Aaditi Acharya Sharma,17 years experience overall,Patparganj,Delhi,₹700,Gynecologist,"MBBS, MS - Obstetrics & Gynaecology"
Dr. Sushmita Mishra,32 years experience overall,Patel Nagar West,Delhi,₹800,Gynecologist,"MBBS, MS - Obstetrics & Gynaecology, MRCOG(UK)"
Dr. Soni Anand,25 years experience overall,Patparganj,Delhi,₹700,Gynecologist,"MBBS, DGO"
Dr. Pulkit Nandwani,20 years experience overall,Patparganj,Delhi,₹600,Gynecologist,"MBBS, MD - Obstetrics & Gynaecology"
Dr. Aparna Hegde,28 years experience overall,Greater Kailash Part 2,Delhi,₹1750,Gynecologist,"MBBS, MD - Obstetrics & Gynaecology, DGO"
Dr. Reena Khandelwal,29 years experience overall,Panchsheel Park,Delhi,₹1000,Gynecologist,"MBBS, MD - Obstetrics & Gynaecology"
Dr. Pratibha Aggarwal,29 years experience overall,Pusa Road,Delhi,₹1000,Gynecologist,"DGO, MBBS, DNB - Obstetrics & Gynecology"
Dr. Yukti Wadhawan,24 years experience overall,Patparganj,Delhi,₹1000,Gynecologist,"MBBS, MD - Obstetrics & Gynaecology"
Dr. Rachna Verma,43 years experience overall,Shalimar Bagh,Delhi,₹1200,Gynecologist,"MBBS, MS - Obstetrics & Gynaecology"
Dr. Jyotsna Gupta,25 years experience overall,Shalimar Bagh,Delhi,₹900,Gynecologist,"MBBS, MD - Obstetrics & Gynaecology"
Dr. Bhawna Bansal,30 years experience overall,Pusa Road,Delhi,₹500,Gynecologist,"MS - Obstetrics & Gynaecology, MBBS"
Dr. Nancy Nagpal,29 years experience overall,Panchsheel Park,Delhi,₹900,Gynecologist,"MD - Physician, DGO"
Dr. Shikha Gurnani,13 years experience overall,Lajpat Nagar,Delhi,₹800,Gynecologist,"MBBS, MS - Obstetrics & Gynaecology, MRCOG(UK), Fellow of Indian College of Obstetrics and Gynecology (FICOG)"
Dr. Rosy Dhall,25 years experience overall,Lajpat Nagar,Delhi,₹1000,Gynecologist,"MBBS, MD - Obstetrics & Gynaecology, Diploma in Advanced Endoscopic Gynae Surgery"
Dr. Rupali Goyal,21 years experience overall,Shalimar Bagh,Delhi,₹1500,Gynecologist,"MBBS, MD - Obstetrics & Gynaecology"
Dr. Vijay Lakshmi,28 years experience overall,Paschim Vihar,Delhi,₹1000,Gynecologist,"MBBS, MD - Obstetrics & Gynaecology"
Dr. Suyesha Khanijao,15 years experience overall,Pitampura,Delhi,₹1000,Gynecologist,"MD - Obstetrics & Gynaecology, MBBS"
Dr. Gayatri Bala Juneja,30 years experience overall,Shastri Nagar,Delhi,₹1500,Gynecologist,"MBBS, MD - Obstetrics & Gynaecology"
Dr. Seema Thakur,29 years experience overall,Panchsheel Park,Delhi,₹1800,Gynecologist,"MBBS, MS - Obstetrics & Gynaecology"
Dr. Alka Jain,35 years experience overall,Punjabi Bagh,Delhi,₹700,Gynecologist,"MBBS, MS - Obstetrics & Gynaecology, DNB - Obstetrics & Gynecology"
Dr. Anita K Sharma,43 years experience overall,Shalimar Bagh,Delhi,₹1000,Gynecologist,"MBBS, MD - Obstetrics & Gynaecology"
Dr. Neha Kapoor,12 years experience overall,Punjabi Bagh,Delhi,₹800,Gynecologist,"MBBS, DNB - Obstetrics & Gynecology"
Dr. Chhavi Singh,12 years experience overall,Mehrauli,Delhi,₹2000,Gynecologist,"MBBS, MS - Obstetrics & Gynaecology"
Dr. Indu Tandon,52 years experience overall,Saket,Delhi,₹1500,Gynecologist,"MBBS, MD - Obstetrics & Gynaecology"
Dr. Seema Roy,20 years experience overall,Malviya Nagar,Delhi,₹600,Gynecologist,"MBBS, DNB - Obstetrics & Gynecology, DGO"
Dr. Sarika Gupta,38 years experience overall,Shalimar Bagh,Delhi,₹1000,Gynecologist,"MBBS, DGO, MRCOG(UK)"
Dr. Shelly Singh,8 years experience overall,Dwarka Sector 6,Delhi,₹500,Gynecologist,"MBBS, DGO, DNB - Obstetrics & Gynecology"
Dr. Gurmeet Bansal,15 years experience overall,Dwarka Sector 13,Delhi,₹500,Gynecologist,"MBBS, MS - Obstetrics & Gynaecology"
Dr. Nikky Yadav,40 years experience overall,Laxmi Nagar,Delhi,₹500,Gynecologist,"MBBS, MS - Obstetrics & Gynaecology"
Dr. Nirmal Bhrgava,20 years experience overall,Shastri Nagar,Delhi,₹1000,Gynecologist,"MBBS, MS - Obstetrics & Gynaecology"
Dr. Ruchi Tandon,34 years experience overall,Sarita Vihar,Delhi,₹1000,Gynecologist,"MBBS, DGO, DNB - Obstetrics & Gynecology"
Dr. Sohani Verma,12 years experience overall,Rohini Sector 7,Delhi,₹600,Gynecologist,"MBBS, DGO"
Dr. Arpana Haritwal,46 years experience overall,Greater Kailash Part 2,Delhi,₹600,Gynecologist,"MD - Obstetrics & Gynaecology, MBBS"
Dr. Garima Sharma,14 years experience overall,Shakti Nagar,Delhi,₹800,Gynecologist,"MBBS, DGO, DNB - Obstetrics & Gynecology"
Dr. Pooja Gupta,10 years experience overall,Malviya Nagar,Delhi,₹800,Gynecologist,"MBBS, MD - Obstetrics & Gynaecology"
Dr. Neha Gupta,17 years experience overall,Greater Kailash Part 2,Delhi,₹1000,Gynecologist,"MBBS, DNB - Obstetrics & Gynecology"
Dr. Sheetal Agarwal,35 years experience overall,Malviya Nagar,Delhi,₹1500,Gynecologist,"MBBS, MD - Obstetrics & Gynaecology"
Dr. Shalini Singh,26 years experience overall,Paschim Vihar,Delhi,₹1000,Gynecologist,"MBBS, DNB - Obstetrics & Gynecology"
Dr. Amita Wadhwa,38 years experience overall,Pusa Road,Delhi,₹1200,Gynecologist,"MBBS, MD - Obstetrics & Gynaecology"
Dr. Rakhi Gupta,30 years experience overall,Punjabi Bagh,Delhi,₹1000,Gynecologist,"MBBS, MD - Obstetrics & Gynaecology, DNB - Obstetrics & Gynecology"
Dr. Rita Bakshi,39 years experience overall,Punjabi Bagh,Delhi,₹800,Gynecologist,"MBBS, MD - Obstetrics & Gynaecology, DGO"
Dr. Meena Harisinghani,43 years experience overall,Pusa Road,Delhi,₹600,Gynecologist,"MD - Obstetrics & Gynaecology, MBBS"
Dr. Meeta Airen,25 years experience overall,Saket,Delhi,₹1100,Gynecologist,"MBBS, MS - Obstetrics & Gynaecology"
Dr. Tripti Raheja,26 years experience overall,Patparganj,Delhi,₹1000,Gynecologist,"MBBS, MD - Obstetrics & Gynaecology, Fellow of Indian College of Obstetrics and Gynecology (FICOG), FICS"
Dr. Surbhi Rustagi,26 years experience overall,Rajouri Garden,Delhi,₹1100,Gynecologist,"MBBS, MD - Obstetrics & Gynaecology"
Dr. Neha Bansal,27 years experience overall,Malviya Nagar,Delhi,₹1300,Gynecologist,"DGO, DNB - Obstetrics & Gynecology"
Dr. Asha Rawal,17 years experience overall,Patparganj,Delhi,₹1200,Gynecologist,"MBBS, MD - Obstetrics & Gynaecology"
Dr. Chhavi Singh,25 years experience overall,Saket,Delhi,₹1000,Gynecologist,"MBBS, DNB - Obstetrics & Gynecology"
Dr. Ekta Sharma,27 years experience overall,Paschim Vihar,Delhi,₹2000,Gynecologist,"MBBS, MS - Obstetrics & Gynaecology, DNB - Obstetrics & Gynecology, Fellowship in Urogynecology"
Dr. Shelly Arora,41 years experience overall,Pitampura,Delhi,₹1600,Gynecologist,"MBBS, DGO, DNB - Obstetrics & Gynecology"
Dr. Neelam Suri,22 years experience overall,Panchsheel Park,Delhi,₹900,Gynecologist,"MBBS, MD - Midwifery & Gynecology"
Dr. Munisha Sharma,45 years experience overall,Malviya Nagar,Delhi,₹99,Gynecologist,"MBBS, DNB - Obstetrics & Gynecology, DGO"
Dr. Geetanjali,38 years experience overall,Greater Kailash Part 1,Delhi,₹1000,Gynecologist,"MBBS, MS - Obstetrics & Gynaecology, DNB - Obstetrics & Gynecology"
Dr. Neelima Kulshrestha,43 years experience overall,Rohini,Delhi,₹2600,Gynecologist,"MBBS, DGO"
Dr. Saloni Arora,29 years experience overall,Sarita Vihar,Delhi,₹2100,Gynecologist,"MBBS, DGO"
Dr. Swati Mehrotra,22 years experience overall,Mayur Vihar Ph-II,Delhi,₹700,Gynecologist,"MBBS, MD - Obstetrics & Gynaecology, DNB - Obstetrics & Gynecology"
Dr. Puja Prasad,25 years experience overall,Dwarka Sector 19,Delhi,₹600,Gynecologist,"MBBS, DGO"
Dr. Surveen Ghumman,18 years experience overall,Malviya Nagar,Delhi,₹1000,Gynecologist,"MBBS, DNB - Obstetrics & Gynecology"
Dr. (Lt. Col) Leena N Sreedhar,18 years experience overall,Moti Nagar,Delhi,₹1200,Gynecologist,"MD - Obstetrics & Gynaecology, DNB - Obstetrics & Gynecology, MBBS, MNAMS - Obstetrics & Gynaecology"
Dr. Ritu Goyal,41 years experience overall,Shalimar Bagh,Delhi,₹1200,Gynecologist,"MBBS, MD - Obstetrics & Gynaecology"
Dr. Poonam Gupta,16 years experience overall,Saket,Delhi,₹1500,Gynecologist,"MBBS, DNB - Obstetrics & Gynecology, DGO"
Dr. Tripat Choudhary,33 years experience overall,Patparganj,Delhi,₹900,Gynecologist,"MD - Obstetrics & Gynaecology, MBBS"
Dr. Archana Bachan Singh,38 years experience overall,Patparganj,Delhi,₹1000,Gynecologist,"MBBS, DGO, DNB - Obstetrics & Gynecology"
Dr. Anita Aggarwal,13 years experience overall,Ashok Vihar,Delhi,₹1000,Gynecologist,"MBBS, MS - Obstetrics & Gynaecology"
Dr. Renu Chawla,12 years experience overall,Malviya Nagar,Delhi,₹600,Gynecologist,"MBBS, DGO"
Dr. Seema Sehgal,29 years experience overall,Punjabi Bagh,Delhi,₹1000,Gynecologist,"MBBS, DNB - Obstetrics & Gynecology"
Dr. Archana Pathak,34 years experience overall,Moti Nagar,Delhi,₹2000,Gynecologist,"MBBS, MD - Obstetrics & Gynaecology"
Dr. Ekta Sharma,18 years experience overall,Punjabi Bagh,Delhi,₹2000,Gynecologist,"MBBS, MS - Obstetrics & Gynaecology"
Dr. Anita Aggarwal,38 years experience overall,Patparganj,Delhi,₹2000,Gynecologist,"MBBS, MS - Obstetrics & Gynaecology"
Dr. Pushpa Chandra,47 years experience overall,Lajpat Nagar,Delhi,₹2000,Gynecologist,"DGO, DNB - Obstetrics & Gynecology, MBBS"
Dr. Prerna Lakhwani,24 years experience overall,Greater Kailash Part 2,Delhi,₹1000,Gynecologist,"MBBS, DGO, DNB - Obstetrics & Gynecology"
Dr. Supriya Malhotra,41 years experience overall,Greater Kailash Part 2,Delhi,₹1200,Gynecologist,"MBBS, MD - Obstetrics & Gynaecology"
Dr. Heera P,20 years experience overall,Saket,Delhi,Free Consultation,Gynecologist,"MBBS, MD - Obstetrics & Gynaecology"
Dr. Gauri Agarwal,17 years experience overall,Malviya Nagar,Delhi,₹1000,Gynecologist,"MBBS, MD - Obstetrics & Gynaecology"
Dr. Pawanpreet Kaur,11 years experience overall,Pitampura,Delhi,₹2600,Gynecologist,"MBBS, MD - Obstetrics & Gynaecology"
Dr. Ruchi Bhandari,12 years experience overall,Sarita Vihar,Delhi,₹1000,Gynecologist,"MBBS, MD - Obstetrics & Gynaecology, DNB - Obstetrics & Gynecology"
Dr. Tripti Sethi,16 years experience overall,Moti Nagar,Delhi,₹1000,Gynecologist,"MBBS, MD - Obstetrics & Gynaecology, DNB - Obstetrics & Gynecology"
Dr. Aakanksha Kumar,8 years experience overall,Sarita Vihar,Delhi,₹300,Gynecologist,"MBBS, MRCOG(UK)"
Dr. Alka Gujral,44 years experience overall,Moti Nagar,Delhi,₹1200,Gynecologist,"MBBS, DGO"
Dr. Poonam Behl,22 years experience overall,Sarita Vihar,Delhi,₹1200,Gynecologist,"MBBS, DGO, MD - Physiology"
Dr. Manju Wali,27 years experience overall,Panchsheel Park,Delhi,₹1000,Gynecologist,"MBBS, DGO, DNB - Obstetrics & Gynecology"
Dr. Kirti Purwar,19 years experience overall,Dwarka Sector 6,Delhi,₹400,Gynecologist,"MBBS, DGO, DNB - Obstetrics & Gynecology"
Dr. Neelima Kulshrestha,26 years experience overall,Lajpat Nagar,Delhi,₹1000,Gynecologist,"MBBS, MD - Obstetrics & Gynaecology, MRCOG(UK)"
Dr. Sheetal Sinha,19 years experience overall,Janakpuri,Delhi,₹500,Gynecologist,"MBBS, MS - Obstetrics & Gynaecology"
Dr. Deepika Taneja,12 years experience overall,Lajpat Nagar,Delhi,₹600,Gynecologist,"MBBS, MD - Obstetrics & Gynaecology, MRCOG(UK)"
Dr. Rupa Talukdar,28 years experience overall,Malviya Nagar,Delhi,₹600,Gynecologist,"DGO, MBBS"
Dr. Sagarika Aggarwal,25 years experience overall,Lajpat Nagar,Delhi,₹500,Gynecologist,"MBBS, MD - Obstetrics & Gynaecology, Fellow of Indian College of Obstetrics and Gynecology (FICOG)"
Dr. Shelly Arora,15 years experience overall,Punjabi Bagh,Delhi,₹800,Gynecologist,"MBBS, MS - Obstetrics & Gynaecology"
Dr. Archana Yadav,10 years experience overall,Moti Nagar,Delhi,₹1200,Gynecologist,"DGO, DNB - Obstetrics & Gynecology, MBBS"
Dr. Aanchal Sablok,13 years experience overall,Moti Nagar,Delhi,₹1200,Gynecologist,"MBBS, MS - Obstetrics & Gynaecology"
Dr. Sujata Agarwal,35 years experience overall,Panchsheel Park,Delhi,₹2100,Gynecologist,"MBBS, MS - Obstetrics & Gynaecology"
Dr. Deepika Gulati,24 years experience overall,Janakpuri,Delhi,₹750,Pediatrician,"MBBS, MD - Pediatrics"
Dr. Amita Mahajan,27 years experience overall,Sarita Vihar,Delhi,₹1500,Pediatrician,"DNB - Paediatrics, Diploma in Child Health (DCH), MBBS, FNB -  Pediatric Hematology Oncology"
Dr. Nameet Jerath,10 years experience overall,Sarita Vihar,Delhi,₹1000,Pediatrician,"MD - Physician, Diploma in Child Health (DCH)"
Dr. Smita Malhotra,19 years experience overall,Sarita Vihar,Delhi,₹1200,Pediatrician,"MBBS, MD - Pediatrics"
Dr. Richa Arora Agarwal,45 years experience overall,Rohini,Delhi,₹700,Pediatrician,"MBBS, Diplomate of the American Board of Paediatrics"
Dr. Ankita Katiyar,23 years experience overall,Malviya Nagar,Delhi,₹500,Pediatrician,"MBBS, MD - Pediatrics"
Dr. V Gangotri  Rao,34 years experience overall,Safdarjung Enclave,Delhi,₹1000,Pediatrician,"MBBS, MD - Pediatrics"
Dr. Surinder Kaur Arora,31 years experience overall,Saket,Delhi,₹1200,Pediatrician,"MBBS, Diploma in Child Health (DCH), MD - Pediatrics"
Dr. Vineeta Rajput,23 years experience overall,Janakpuri,Delhi,₹700,Pediatrician,"MBBS, Diploma in Child Health (DCH)"
Dr. Vikram Kumar Singh,26 years experience overall,Patparganj,Delhi,₹1000,Pediatrician,"MBBS, DNB - Paediatrics"
Dr. Vidyut Bhatia,24 years experience overall,CR Park,Delhi,₹1200,Pediatrician,"MBBS, DNB - Pediatrics"
Dr. Abhishek Chopra,19 years experience overall,Punjabi Bagh,Delhi,₹1000,Pediatrician,"MBBS, MD - Pediatrics, DNB - Neonatology"
Dr. Vaishakhi Rustagi,19 years experience overall,Shalimar Bagh,Delhi,₹1500,Pediatrician,"MBBS, DNB - Paediatrics"
Dr. Varun Vij,15 years experience overall,Saket,Delhi,₹1000,Pediatrician,"MBBS, Member of the Royal College of Paediatrics and Child Health (MRCPCH, London, Glasgow or Edinburgh)"
Dr. Raghuram Mallaiah,29 years experience overall,Greater Kailash Part 2,Delhi,₹1200,Pediatrician,"MD - Pediatrics, MBBS"
Dr. Satvinder Kapoor,30 years experience overall,Shalimar Bagh,Delhi,₹1000,Pediatrician,"MBBS, MD - Pediatrics"
Dr. Vivek Choudhury,19 years experience overall,Moti Nagar,Delhi,₹1200,Pediatrician,"MBBS, MD - Pediatrics"
Dr. Kavita Singh,20 years experience overall,Janakpuri,Delhi,₹600,Pediatrician,"MBBS, MD - Pediatrics"
Dr. Monika,14 years experience overall,Rohini Sector 24,Delhi,₹500,Pediatrician,"MBBS, MD - Pediatrics"
Dr. Rajiv Goel,20 years experience overall,Shalimar Bagh,Delhi,₹700,Pediatrician,"MBBS, MD - Pediatrics"
Dr. Prabhjot Kaur Bajaj,21 years experience overall,Patparganj,Delhi,₹800,Pediatrician,"Fellow of the Royal College of Pediatrics and Child Health (UK), MBBS, Diploma in Child Health (DCH - UK)"
Dr. Atul Chopra,26 years experience overall,Greater Kailash Part 2,Delhi,₹1200,Pediatrician,"MBBS, Diploma in Child Health (DCH)"
Dr. Sumita Chawla,28 years experience overall,Saket,Delhi,₹1200,Pediatrician,"MBBS, Diploma in Child Health (DCH)"
Dr. Nidhi Rawal,12 years experience overall,Malviya Nagar,Delhi,₹1600,Pediatrician,"MBBS, MD - Pediatrics"
Dr. Chandrasekhar Singha,19 years experience overall,Malviya Nagar,Delhi,₹1300,Pediatrician,"MBBS, DNB - Paediatrics"
Dr. Ankur Ohri,10 years experience overall,Malviya Nagar,Delhi,₹1300,Pediatrician,"MBBS, MD - Pediatrics"
Dr. Atish Narayanrao Bakane,16 years experience overall,Dwarka Sector 6,Delhi,₹1100,Pediatrician,"MBBS, MD - Pediatrics"
Dr. Vinay Kumar Rai,13 years experience overall,Sarita Vihar,Delhi,₹1000,Pediatrician,"MBBS, Diploma in Child Health (DCH), DNB - Paediatrics"
Dr. Himanshu Batra,12 years experience overall,Dwarka Sector 6,Delhi,₹900,Pediatrician,"MBBS, MD - Pediatrics"
Dr. Maitreye Datta,11 years experience overall,Dwarka Sector 6,Delhi,₹700,Pediatrician,"MBBS, MD - Pediatrics"
Dr. Naresh Bhatia,38 years experience overall,Patparganj,Delhi,₹1000,Pediatrician,"MBBS, MD - Pediatrics"
Dr. A J Chitkara,44 years experience overall,Shalimar Bagh,Delhi,₹1400,Pediatrician,"MBBS, MD - Pediatrics"
Dr. Mandeep Kaur Walia,27 years experience overall,Vasant Kunj,Delhi,₹700,Pediatrician,"MBBS, Diploma in Child Health (DCH)"
Dr. Praveen Makhija,23 years experience overall,Saket,Delhi,₹1200,Pediatrician,"MBBS, Diploma in Child Health (DCH), DNB - Paediatrics"
Dr. B P Bansal,15 years experience overall,Vasant Kunj,Delhi,₹600,Pediatrician,"MBBS,  FRCP, Member of the Royal College of Paediatrics and Child Health (MRCPCH, London, Glasgow or Edinburgh)"
Dr. Mamta Aggarwal,19 years experience overall,Dwarka Sector 12,Delhi,₹800,Pediatrician,"MBBS, MD - Pediatrics"
Dr. Udit Rohatagi,27 years experience overall,Patparganj,Delhi,₹700,Pediatrician,"MBBS, MD - Pediatrics"
Dr. Gurleen Sikka,15 years experience overall,Punjabi Bagh,Delhi,₹1000,Pediatrician,"MBBS, MD - Pediatrics"
Dr. Sonia Mittal,26 years experience overall,Shalimar Bagh,Delhi,₹1000,Pediatrician,"MD - Pediatrics, MBBS"
Dr. Nandini Choudhary Hazarika,23 years experience overall,Malviya Nagar,Delhi,₹1300,Pediatrician,"MBBS, Diploma in Child Health (DCH), MRCP (UK)"
Dr. Sandhya Soneja,12 years experience overall,Lajpat Nagar,Delhi,₹1500,Pediatrician,"MBBS, MD - Pediatrics"
Dr. Sunita Shakdher,45 years experience overall,Kilokri,Delhi,₹700,Pediatrician,"MBBS, Diploma in Child Health (DCH)"
Dr. Anil Kumar Kalra,45 years experience overall,Paschim Vihar,Delhi,₹800,Pediatrician,"MBBS, MD - Anaesthesiology, Diploma in Paediatrics"
Dr. Ajay Gupta,29 years experience overall,Laxmi Nagar,Delhi,₹500,Pediatrician,"MBBS, MD - Pediatrics"
Dr. Navina Desai Vishwas,6 years experience overall,Lajpat Nagar,Delhi,₹1500,Pediatrician,"MBBS, MD - Pediatrics"
Dr. Lata Bhat,35 years experience overall,Mayur Vihar Ph-II,Delhi,₹500,Pediatrician,"MBBS, MD - Pediatrics"
Dr. Veena Kalra,54 years experience overall,Sarita Vihar,Delhi,₹2000,Pediatrician,"MBBS, MD - Pediatrics"
Dr. Naveen Jain,38 years experience overall,Pitampura,Delhi,₹900,Pediatrician,"MBBS, Diploma in Child Health (DCH), DNB - Paediatrics"
Dr. Shekhar Biswas,18 years experience overall,Rohini,Delhi,₹600,Pediatrician,"MBBS, DNB - Paediatrics"
Dr. Subhash Chander Sapra,52 years experience overall,Shakti Nagar,Delhi,₹800,Pediatrician,"MBBS, Diploma in Child Health (DCH), DNB - Pediatrics"
Dr. Arvind Kumar,42 years experience overall,Shalimar Bagh,Delhi,₹1000,Pediatrician,"MBBS, MD - Pediatrics, FRCPCH"
Dr. Dinesh Rustogi,45 years experience overall,Ashok Vihar Phase 3,Delhi,₹800,Pediatrician,"MBBS, MD - Pediatrics"
Dr. Kumar Ankur,21 years experience overall,Pusa Road,Delhi,₹1100,Pediatrician,"MBBS, MD - Pediatrics"
Dr. Ajay Kumar,13 years experience overall,Mahavir Enclave,Delhi,₹500,Pediatrician,"MBBS, MD - Pediatrics"
Dr. Harpreet Kaur,16 years experience overall,Shalimar Bagh,Delhi,₹600,Pediatrician,"MBBS, MD - Pediatrics, DM - Neonatology"
Dr. Vipul Baweja,25 years experience overall,Pusa Road,Delhi,₹1000,Pediatrician,"MBBS, Diploma in Child Health (DCH), DNB - Paediatrics"
Dr. Dinesh Bhurani,30 years experience overall,Rohini,Delhi,₹1300,Pediatrician,"MBBS, MD - Pediatrics"
Dr. Ajay Kumar Gupta,33 years experience overall,Vasundhra Enclave,Delhi,₹800,Pediatrician,"MBBS, Diploma in Child Health (DCH)"
Dr. Saroja Balan,38 years experience overall,Sarita Vihar,Delhi,₹1500,Pediatrician,"MD - Pediatrics, MBBS"
Dr. Siddharth Garg,10 years experience overall,Vikas Puri,Delhi,₹500,Pediatrician,"MD - Pediatrics, MBBS"
Dr. Arvind Bountra,39 years experience overall,Saket,Delhi,₹1200,Pediatrician,"MBBS, DNB - Paediatrics"
Dr. Tina Goel,22 years experience overall,Dwarka,Delhi,₹600,Pediatrician,"MBBS, MD - Pediatrics"
Dr. Shacchee Baweja,17 years experience overall,Moti Nagar,Delhi,₹1500,Pediatrician,"MBBS, MD - Pediatrics, DNB - Paediatrics"
Dr. Avneet Kaur,23 years experience overall,Pusa Road,Delhi,₹1200,Pediatrician,"MBBS, MD - Pediatrics"
Dr. Shubham Garg,21 years experience overall,Pitampura,Delhi,₹1000,Pediatrician,"MBBS, MD - Pediatrics, Fellowship in Neonatology"
Dr. Ritika S Jain,17 years experience overall,Mayur Vihar Ph-I,Delhi,₹700,Pediatrician,"MBBS, MD - Pediatrics"
Dr. Neeraj Adlakha,20 years experience overall,Shalimar Bagh,Delhi,₹700,Pediatrician,"MBBS, MD - Pediatrics"
Dr. A P Mehta,36 years experience overall,Shalimar Bagh,Delhi,₹900,Pediatrician,"MBBS, MD - Pediatrics"
Dr. Nikhil Raghave,12 years experience overall,Rohini,Delhi,₹700,Pediatrician,"MBBS, Member of the Royal College of Paediatrics and Child Health (MRCPCH, London, Glasgow or Edinburgh)"
Dr. Vishal Vaidya,23 years experience overall,Burari,Delhi,₹800,Pediatrician,"MBBS, MD - Pediatrics"
Dr. Gajendra Kumar,17 years experience overall,Janakpuri,Delhi,₹500,Pediatrician,"MBBS, Diploma in Child Health (DCH)"
Dr. Charu Chandwani,14 years experience overall,Rohini Sector 22,Delhi,₹700,Pediatrician,"MBBS, MD - Pediatrics"
Dr. Priya Gupta,12 years experience overall,Sarita Vihar,Delhi,₹500,Pediatrician,"MBBS, MD - Pediatrics, DNB - Neonatology"
Dr. Prasanna S Bhat,35 years experience overall,Sarita Vihar,Delhi,₹800,Pediatrician,"MBBS, MD - Pediatrics"
Dr. A.S. Vasudev,45 years experience overall,Shakti Nagar,Delhi,₹1000,Pediatrician,"MBBS, MD - Pediatrics, DNB - Neonatology"
Dr. Himanshi Joshi,13 years experience overall,Sarita Vihar,Delhi,₹1000,Pediatrician,"MBBS, DNB - Paediatrics, Post Doctoral fellowship in Pediatric Critical Care Medicine"
Dr. Shambhavi Seth,20 years experience overall,Shalimar Bagh,Delhi,₹1500,Pediatrician,"MBBS, MD - Pediatrics"
Dr. Jay Kishore,26 years experience overall,Pusa Road,Delhi,₹1000,Pediatrician,"MBBS, Diploma in Child Health (DCH), MD - Pediatrics"
Dr. Shyam Kukreja,30 years experience overall,Patparganj,Delhi,₹1500,Pediatrician,"MBBS, Diploma in Child Health (DCH)"
Dr. Jatin Chhabra,18 years experience overall,Dwarka,Delhi,₹1100,Pediatrician,"MBBS, MD - Pediatrics, DM - Neonatology"
Dr. Anil Kumar Gulati,44 years experience overall,Saket,Delhi,₹1200,Pediatrician,"DNB - Paediatrics, MBBS"
Dr. Vineet Sehgal,25 years experience overall,Shalimar Bagh,Delhi,₹800,Pediatrician,"MBBS, MD - Pediatrics"
Dr. Tilak Raj Dangwal,27 years experience overall,Patparganj,Delhi,₹500,Pediatrician,"MBBS, MD - Pediatrics"
Dr. Sharat Varma,17 years experience overall,Patparganj,Delhi,₹1000,Pediatrician,"MBBS, MD - Pediatrics"
Dr. Vinay Kumar Aggarwal,40 years experience overall,Saket,Delhi,₹2000,Pediatrician,"MBBS, Diploma in Child Health (DCH), DNB - Paediatrics"
Dr. Vyom Aggarwal,29 years experience overall,Shalimar Bagh,Delhi,₹800,Pediatrician,"MBBS, DNB - Paediatrics"
Dr. Ganesh Jevalikar,20 years experience overall,Saket,Delhi,₹1400,Pediatrician,"MBBS, MD - Pediatrics, FNB - Pediatric Intensive Care"
Dr. Manpreet Sethi,8 years experience overall,Patparganj,Delhi,₹1000,Pediatrician,"MBBS, Diploma in Child Health (DCH)"
Dr. Rajiv Uttam,37 years experience overall,Patparganj,Delhi,₹1500,Pediatrician,"MD - Pediatrics, Diploma in Child Health (DCH), MBBS"
Dr. Madhur Gupta,12 years experience overall,Patparganj,Delhi,₹500,Pediatrician,"MBBS, MD - Pediatrics"
Dr. Jyoti Bhatia,24 years experience overall,Patparganj,Delhi,₹1500,Pediatrician,"MBBS, MD - Pediatrics"
Dr. Sumitra Meena,10 years experience overall,Safdarjung Enclave,Delhi,₹800,Pediatrician,"MBBS, DNB - Paediatrics"
Dr. Satish Gupta,33 years experience overall,Patparganj,Delhi,₹1000,Pediatrician,"MBBS, MD - Pediatrics"
Dr. Meera Sundharam,32 years experience overall,Shalimar Bagh,Delhi,₹1000,Pediatrician,"MBBS, MD - Pediatrics"
Dr. Rinky Tandon,10 years experience overall,Saket,Delhi,₹1200,Pediatrician,"MBBS, Diploma in Child Health (DCH)"
Dr. Arvind Taneja,53 years experience overall,Saket,Delhi,₹2000,Pediatrician,"MD - Pediatrics, DNB - Paediatrics, MBBS"
Dr. Anju Virmani,37 years experience overall,Saket,Delhi,₹2000,Pediatrician,"MBBS, MD - Pediatrics"
Dr. Manbir Singh Sarna,40 years experience overall,Shalimar Bagh,Delhi,₹1000,Pediatrician,"MBBS, DNB - Paediatrics, Diploma in Child Health (DCH)"
Dr. Lochan Arora   (Physiotherapist),14 years experience overall,Janakpuri,Delhi,₹500,Physiotherapist,BPTh/BPT
Dr. Rajiv Mehta   (Physiotherapist),24 years experience overall,Saket,Delhi,₹500,Physiotherapist,Diploma in Physiotherapy
Dr. Deepti Chhabra   (Physiotherapist),17 years experience overall,Pitampura,Delhi,₹500,Physiotherapist,"MPTh/MPT - Orthopedic Physiotherapy, BPTh/BPT"
Dr. Deepshikha Goel   (Physiotherapist),18 years experience overall,Safdarjung Enclave,Delhi,₹500,Physiotherapist,BPTh/BPT
Dr. Abhimanyu Kumar   (Physiotherapist),15 years experience overall,Munirka,Delhi,₹400,Physiotherapist,BPTh/BPT
Dr. Santosh Kumar   (Physiotherapist),14 years experience overall,Dwarka Sector 6,Delhi,₹500,Physiotherapist,"BPTh/BPT, MPTh/MPT - Sports Physiotherapy"
Dr. Saakshi Dhingra   (Physiotherapist),17 years experience overall,Defence Colony,Delhi,₹800,Physiotherapist,"BPTh/BPT, MPTh/MPT - Neurological Physiotherapy"
Dr. Ajaz Ahmad,17 years experience overall,Greater Kailash Part 2,Delhi,₹700,Physiotherapist,"BPTh/BPT, MPTh/MPT - Orthopedic Physiotherapy"
Dr. Hitesh Arora   (Physiotherapist),18 years experience overall,Punjabi Bagh,Delhi,₹1000,Physiotherapist,Diploma in Physiotherapy
Dr. Sonia Baijal   (Physiotherapist),15 years experience overall,Vikas Puri,Delhi,₹800,Physiotherapist,Diploma in Physiotherapy
Dr. Varun Duggal   (Physiotherapist),17 years experience overall,Kirti Nagar,Delhi,₹1000,Physiotherapist,"BPTh/BPT, Diploma in Diet and Nutrition"
Dr. Gholam Sarwar   (Physiotherapist),15 years experience overall,Dwarka Sector 6,Delhi,₹700,Physiotherapist,BPTh/BPT
Dr. Ankit Aggarwal   (Physiotherapist),15 years experience overall,Safdarjung Enclave,Delhi,₹1000,Physiotherapist,"MPTh/MPT - Musculoskeletal Physiotherapy, BPTh/BPT"
Dr. Rakhi Ratnam   (Physiotherapist),12 years experience overall,Safdarjung Development Area,Delhi,₹1000,Physiotherapist,BPTh/BPT
Dr. Vimal Sharma   (Physiotherapist),17 years experience overall,Gulmohar Park,Delhi,₹1500,Physiotherapist,"BPTh/BPT, MPTh/MPT - Musculoskeletal Physiotherapy"
Dr. Ravindra Kumar   (Physiotherapist),17 years experience overall,Defence Colony,Delhi,₹1000,Physiotherapist,BPTh/BPT
Dr. Surbhi Sharma   (Physiotherapist),18 years experience overall,Vasant Kunj,Delhi,₹500,Physiotherapist,BPTh/BPT
Dr. Abhishek Massey   (Physiotherapist),7 years experience overall,Vasant Kunj,Delhi,₹400,Physiotherapist,"MPTh/MPT - Orthopedic Physiotherapy, BPTh/BPT, Diploma in Naturopathy & Yoga (NDDY), Diploma in Health Administration"
Dr. Khyati   (Physiotherapist),7 years experience overall,Pitampura,Delhi,₹500,Physiotherapist,Diploma in Physiotherapy
Dr. Abu Jonayed   (Physiotherapist),9 years experience overall,Siri Fort Road,Delhi,₹1000,Physiotherapist,BPTh/BPT
Dr. S.Srivastava   (Physiotherapist),12 years experience overall,Burari,Delhi,₹350,Physiotherapist,"BPTh/BPT, MPTh/MPT - Orthopedic Physiotherapy"
Dr. Nidhi Kumar   (Physiotherapist),15 years experience overall,Rajouri Garden,Delhi,₹800,Physiotherapist,BPTh/BPT
Dr. Sandhya Thakkar   (Physiotherapist),16 years experience overall,Sarita Vihar,Delhi,₹700,Physiotherapist,BPTh/BPT
Dr. Anuj Sharma   (Physiotherapist),11 years experience overall,Dilshad Garden,Delhi,₹300,Physiotherapist,"BPTh/BPT, MPTh/MPT - Orthopedic Physiotherapy"
Dr. Richa Gupta   (Physiotherapist),15 years experience overall,Jagriti Enclave,Delhi,₹1200,Physiotherapist,"BPTh/BPT, Masters of Physiotheraphy"
Dr. Raj Laxmi Chaturvedi   (Physiotherapist),13 years experience overall,Rohini Sector 16,Delhi,₹500,Physiotherapist,BPTh/BPT
Dr. Chanchal Aggarwal   (Physiotherapist),19 years experience overall,Prashant Vihar,Delhi,₹500,Physiotherapist,BPTh/BPT
Dr. Aditya Vats   (Physiotherapist),2 years experience overall,Safdarjung Enclave,Delhi,₹700,Physiotherapist,MPTh/MPT - Musculoskeletal Physiotherapy
Dr. Piyush Jain   (Physiotherapist),11 years experience overall,Karkardooma,Delhi,₹1000,Physiotherapist,"BPTh/BPT, Masters of Physiotheraphy"
Dr. Rama Shankar Singh   (Physiotherapist),21 years experience overall,Kalkaji,Delhi,₹600,Physiotherapist,"BPTh/BPT, MPTh/MPT - Sports Physiotherapy"
Dr. Kunal A Batra   (Physiotherapist),9 years experience overall,Rohini,Delhi,₹1200,Physiotherapist,"BPTh/BPT, MPTh/MPT - Orthopedic Physiotherapy"
Dr. S.K.Rathour   (Physiotherapist),12 years experience overall,Chattarpur,Delhi,₹1000,Physiotherapist,"BPTh/BPT, MPTh/MPT - Orthopedic Physiotherapy"
Dr. Naved Khan   (Physiotherapist),18 years experience overall,Saket,Delhi,₹1000,Physiotherapist,BPTh/BPT
Dr. Shikha Agarwal   (Physiotherapist),16 years experience overall,Jamia Nagar,Delhi,₹600,Physiotherapist,"BPTh/BPT, MPTh/MPT - Orthopedic Physiotherapy"
Dr. Charu Awasthi   (Physiotherapist),21 years experience overall,Uttam Nagar,Delhi,₹500,Physiotherapist,BPTh/BPT
Dr. Aditya   (Physiotherapist),9 years experience overall,Rajouri Garden,Delhi,₹1000,Physiotherapist,"BPTh/BPT, MPTh/MPT - Orthopedic Physiotherapy"
Dr. Deepti Jain   (Physiotherapist),12 years experience overall,Munirka,Delhi,₹500,Physiotherapist,MPTh/MPT - Orthopedic Physiotherapy
Dr. Gaurav Mohan   (Physiotherapist),7 years experience overall,Laxmi Nagar,Delhi,₹800,Physiotherapist,BPTh/BPT
Dr. Naveen Verma   (Physiotherapist),10 years experience overall,Rohini Sector 18,Delhi,₹500,Physiotherapist,"BPTh/BPT, MPTh/MPT - Orthopedic Physiotherapy"
Dr. M. M. Alam   (Physiotherapist),20 years experience overall,Hauz Khas,Delhi,₹400,Physiotherapist,"MPTh/MPT - Neurological Physiotherapy, BPTh/BPT"
Dr. Sumit Thapar   (Physiotherapist),9 years experience overall,Greater Kailash Part 1,Delhi,₹1200,Physiotherapist,"BPTh/BPT, MPTh/MPT - Sports Physiotherapy"
Dr. Padam Singh Paliwal   (Physiotherapist),6 years experience overall,Dwarka Sector 6,Delhi,₹500,Physiotherapist,BPTh/BPT
Dr. Deepti Somani   (Physiotherapist),16 years experience overall,Ashok Vihar Phase 1,Delhi,₹600,Physiotherapist,MPTh/MPT - Orthopedic Physiotherapy
Dr. Swati Sharma   (Physiotherapist),10 years experience overall,Vasant Kunj,Delhi,₹500,Physiotherapist,BPTh/BPT
Dr. Vipin Kumar   (Physiotherapist),3 years experience overall,Defence Colony,Delhi,₹600,Physiotherapist,"BPTh/BPT, MPTh/MPT - Sports Physiotherapy"
Dr. Pankaj Kumar   (Physiotherapist),7 years experience overall,Mahipalpur,Delhi,₹700,Physiotherapist,BPTh/BPT
Dr. Mahesh Bagaria   (Physiotherapist),5 years experience overall,New Rajendra Nagar,Delhi,₹500,Physiotherapist,"BPTh/BPT, MPTh/MPT - Orthopedic Physiotherapy"
Dr. Payal Pal   (Physiotherapist),18 years experience overall,Dwarka,Delhi,₹500,Physiotherapist,MPTh/MPT - Orthopedic Physiotherapy
Dr. Anisha Sekhri   (Physiotherapist),15 years experience overall,Preet Vihar,Delhi,₹400,Physiotherapist,"BPTh/BPT, Doctor of Chiropractic"
Dr. Rahul Sekhri   (Physiotherapist),14 years experience overall,Preet Vihar,Delhi,₹400,Physiotherapist,"BPTh/BPT, MPTh/MPT - Orthopedic Physiotherapy"
Dr. Shikha Agarwal   (Physiotherapist),31 years experience overall,Greater Kailash Part 2,Delhi,₹700,Physiotherapist,"BPTh/BPT, MPTh/MPT - Cardiovascular & Pulmonary Physiotherapy"
Dr. Naveen Verma   (Physiotherapist),6 years experience overall,Dwarka Sector 1,Delhi,₹199,Physiotherapist,"BPTh/BPT, MPTh/MPT - Cardiovascular & Pulmonary Physiotherapy"
Dr. Richa Gupta   (Physiotherapist),14 years experience overall,Vikas Puri,Delhi,₹300,Physiotherapist,"BPTh/BPT, MPTh/MPT - Orthopedic Physiotherapy, Diploma in Physiotherapy"
Dr. Aditya   (Physiotherapist),15 years experience overall,Greater Kailash Part 1,Delhi,₹1000,Physiotherapist,"BPTh/BPT, MPTh/MPT - Musculoskeletal Physiotherapy"
Dr. Mahesh Bagaria   (Physiotherapist),5 years experience overall,Safdarjung Enclave,Delhi,₹600,Physiotherapist,"BPTh/BPT, MPTh/MPT - Orthopedic Physiotherapy"
Dr. Padam Singh Paliwal   (Physiotherapist),12 years experience overall,Vasant Kunj,Delhi,₹1500,Physiotherapist,BPTh/BPT
Dr. Shreyansh Kumar Singh   (Physiotherapist),3 years experience overall,Dwarka,Delhi,₹700,Physiotherapist,"BPTh/BPT, MPTh/MPT - Neurological Physiotherapy"
Dr. Sandhya Thakkar   (Physiotherapist),15 years experience overall,Tagore Garden,Delhi,₹400,Physiotherapist,BPTh/BPT
Dr. Saakshi Dhingra   (Physiotherapist),32 years experience overall,Greater Kailash Part 2,Delhi,₹1200,Physiotherapist,BPTh/BPT
Dr. Anisha Sekhri   (Physiotherapist),11 years experience overall,Punjabi Bagh,Delhi,₹800,Physiotherapist,"MPTh/MPT - Musculoskeletal Physiotherapy, DNHE, BPTh/BPT"
Dr. Vijay Singhal,21 years experience overall,Greater Kailash Part 2,Delhi,₹1000,Dermatologist,"MBBS, MD - Dermatology , Venereology & Leprosy"
Dr. Nipun Jain,13 years experience overall,Kamla Nagar,Delhi,₹1000,Dermatologist,"MBBS, Diploma in Dermatology"
Dr. Jai Dhingra,13 years experience overall,South Extension 2,Delhi,₹1200,Dermatologist,"MBBS, MD - Dermatology , Venereology & Leprosy"
Dr. Jasmine Kohli,18 years experience overall,Punjabi Bagh,Delhi,₹800,Dermatologist,"MBBS, MD - Dermatology"
Dr. Ranjan Upadhyay,46 years experience overall,Sarita Vihar,Delhi,₹2000,Dermatologist,"MBBS, MD - Dermatology , Venereology & Leprosy"
Dr. Sandeep Gupta,19 years experience overall,Pusa Road,Delhi,₹700,Dermatologist,"MD - Dermatology , Venereology & Leprosy, MBBS"
Dr. Arihant Surana,23 years experience overall,Dwarka,Delhi,₹1000,Dermatologist,"MBBS, DNB - Dermatology & Venereology"
Dr. Jangid,16 years experience overall,Kamla Nagar,Delhi,₹1200,Dermatologist,"MD - Dermatology , Venereology & Leprosy"
Dr. Amrendra kumar,16 years experience overall,Shalimar Bagh,Delhi,₹1500,Dermatologist,"MBBS, MD - Dermatology , Venereology & Leprosy"
Dr. Mudasir Khan,29 years experience overall,Hauz Khas,Delhi,₹800,Dermatologist,"MD - Physician, MD - Dermatology , Venereology & Leprosy"
Dr. Manisha Chopra,25 years experience overall,Ram Nagar,Delhi,₹1000,Dermatologist,"MBBS, MD - Dermatology and Venerology"
Dr. Tapesh Sharma,25 years experience overall,Greater Kailash Part 1,Delhi,₹1500,Dermatologist,"MD - Dermatology, MBBS"
Dr. Soni Nanda,22 years experience overall,Pitampura,Delhi,₹1000,Dermatologist,"DDVL, MBBS"
Dr. Indu Ballani,18 years experience overall,Surajmal Vihar,Delhi,₹1000,Dermatologist,"MBBS, MD - Dermatology , Venereology & Leprosy"
Dr. Shilpi Bansal,6 years experience overall,Mayur Vihar Ph-I,Delhi,₹500,Dermatologist,"MBBS, MD - Dermatology , Venereology & Leprosy"
Dr. Pradeep Bansal,20 years experience overall,Shalimar Bagh,Delhi,₹1000,Dermatologist,"MBBS, MD - Skin & VD"
Dr. S.K Kashyap,19 years experience overall,Dwarka,Delhi,₹600,Dermatologist,"MBBS, DDVL"
Dr. Nipun Jain,26 years experience overall,Dwarka,Delhi,₹1500,Dermatologist,"MBBS, MD - Skin & VD"
Dr. Nitin S Walia,37 years experience overall,Saket,Delhi,₹1000,Dermatologist,"MD - Dermatology , Venereology & Leprosy, MBBS"
Dr. Pranjal Joshi,12 years experience overall,Shivalik,Delhi,₹800,Dermatologist,"MBBS, DVD"
Dr. Gaurav Garg,16 years experience overall,Green Park,Delhi,₹1000,Dermatologist,"MBBS, MD - Dermatology , Venereology & Leprosy"
Dr. Rakesh,12 years experience overall,Pitampura,Delhi,₹1200,Dermatologist,"MBBS, DVD"
Dr. Syed Nazim Hussain,18 years experience overall,Saket,Delhi,₹1500,Dermatologist,"MBBS, MD - Dermatology , Venereology & Leprosy, DNB - Dermatology & Venereology"
Dr. Jyoti Gupta,13 years experience overall,Panchsheel Enclave,Delhi,₹1000,Dermatologist,"MBBS, MD - Dermatology , Venereology & Leprosy"
Dr. Navnit Haror,10 years experience overall,Greater Kailash Part 1,Delhi,₹800,Dermatologist,"MBBS, MD - Dermatology , Venereology & Leprosy"
Dr. Divya Chowdhry,15 years experience overall,Defence Colony,Delhi,₹1200,Dermatologist,"MBBS, DDV"
Dr. Mukesh Girdhar,36 years experience overall,Green Park,Delhi,₹1500,Dermatologist,"MBBS, Diploma in Dermatology"
Dr. Kavish Chouhan,16 years experience overall,Rohini Sector 3,Delhi,₹500,Dermatologist,"MBBS, MD - Dermatology and Venerology"
Dr. Renu Madan,25 years experience overall,Dwarka Sector 7,Delhi,₹1700,Dermatologist,"MBBS, DVD, MD - Dermatology , Venereology & Leprosy"
Dr. Sumit Gupta,13 years experience overall,Saket,Delhi,₹1500,Dermatologist,"MBBS, MD - Skin,VD & Leprosy"
Dr. Rashmi Sharma,14 years experience overall,Burari,Delhi,₹650,Dermatologist,"MBBS, MD - Dermatology"
Dr. Naveen Saith,35 years experience overall,Patel Nagar East,Delhi,₹500,Dermatologist,"MBBS, MD - Dermatology , Venereology & Leprosy"
Dr. Jatin Sidhwa,8 years experience overall,Dwarka Sector 19,Delhi,₹1600,Dermatologist,"MBBS, MD - Dermatology , Venereology & Leprosy"
Dr. Kanu Verma,21 years experience overall,Greater Kailash Part 2,Delhi,₹800,Dermatologist,"MBBS, MD - Dermatology , Venereology & Leprosy"
Dr. Namrata Ghai,22 years experience overall,South Extension 2,Delhi,₹2600,Dermatologist,"MBBS, MD - Dermatology , Venereology & Leprosy"
Dr. Tanvi Gupta Arora,12 years experience overall,Dwarka Sector 19,Delhi,₹700,Dermatologist,"MBBS, MD - Dermatology , Venereology & Leprosy"
Dr. Renu Madan,25 years experience overall,Greater Kailash Part 1,Delhi,₹1000,Dermatologist,"MD - Dermatology , Venereology & Leprosy, MBBS"
Dr. Ashwini Kedar,18 years experience overall,Pusa Road,Delhi,₹1400,Dermatologist,"MD - Dermatology , Venereology & Leprosy, MBBS"
Dr. Sumit Gupta,13 years experience overall,Shalimar Bagh,Delhi,₹800,Dermatologist,"MBBS, MD - Dermatology , Venereology & Leprosy"
Dr. Neha Tandon,16 years experience overall,Patel Nagar East,Delhi,₹800,Dermatologist,"MBBS, MD - Dermatology , Venereology & Leprosy"
Dr. Rakesh,12 years experience overall,Vasant Kunj,Delhi,₹1500,Dermatologist,"MBBS, DNB - Dermatology & Venereology, MD - Dermatology , Venereology & Leprosy"
Dr. S.K Kashyap,19 years experience overall,CR Park,Delhi,₹800,Dermatologist,"MBBS, MD - Dermatology , Venereology & Leprosy"
Dr. Alisha Aneja,10 years experience overall,Greater Kailash Part 1,Delhi,₹600,Dermatologist,"MBBS, DVD, DNB - Dermatology & Venereology"
Dr. Safa I.Patrik,8 years experience overall,Sarita Vihar,Delhi,₹2000,Dermatologist,"MBBS, MD - Dermatology , Venereology & Leprosy"
Dr. Meenakshi Kapoor,13 years experience overall,Dwarka Sector 7,Delhi,₹800,Dermatologist,"MD - Dermatology , Venereology & Leprosy, MBBS"
Dr. Sachin Maurya,48 years experience overall,Okhla,Delhi,₹1000,Dermatologist,"MBBS, MD - Dermatology , Venereology & Leprosy"
Dr. Geetika Srivastava,10 years experience overall,Hauz Khas,Delhi,₹1000,Dermatologist,"MBBS, MD - Dermatology , Venereology & Leprosy, Fellowship In Cosmetic And Plastic Surgery"
Dr. Sweksha,19 years experience overall,Safdarjung Enclave,Delhi,₹1500,Dermatologist,"MBBS, MD - Dermatology , Venereology & Leprosy"
Dr. Aamir Siddiqui,18 years experience overall,New Friends Colony,Delhi,₹2000,Dermatologist,"MBBS, MD - Dermatology , Venereology & Leprosy"
Dr. Gaurav Bhardwaj,13 years experience overall,Pusa Road,Delhi,₹1500,Dermatologist,"MBBS, Diploma in Dermatology"
Dr. Rahul Arora,10 years experience overall,Shalimar Bagh,Delhi,₹800,Dermatologist,"MBBS, MD - Dermatology , Venereology & Leprosy"
Dr. Anju Mangla,14 years experience overall,Sarita Vihar,Delhi,₹800,Dermatologist,"MBBS, MD - Dermatology"
Dr. Neha Tandon,46 years experience overall,Dwarka Sector 6,Delhi,₹900,Dermatologist,"MBBS, DDVL"
Dr. Anuj Saigal,10 years experience overall,Green Park,Delhi,₹1000,Dermatologist,"MBBS, MD - (Dermatology & STD)"
Dr. Neeharika Manchanda,8 years experience overall,Ashok Vihar,Delhi,₹1000,Dermatologist,"MBBS, MD - Dermatology , Venereology & Leprosy"
Dr. Rahul Nagar,28 years experience overall,Sarita Vihar,Delhi,₹1000,Dermatologist,"MBBS, DDVL"
Dr. S.B Shrivastava,13 years experience overall,Shalimar Bagh,Delhi,₹800,Dermatologist,"MBBS, MD - Dermatology , Venereology & Leprosy"
Dr. Gunjan Verma,18 years experience overall,Saket,Delhi,₹900,Dermatologist,"MBBS, MD - Dermatology , Venereology & Leprosy"
Dr. Kashish Kalra,18 years experience overall,Pusa Road,Delhi,₹1000,Dermatologist,"MBBS, MD - Dermatology , Venereology & Leprosy"
Dr. Ravi Kumar Joshi,12 years experience overall,Janakpuri,Delhi,₹2000,Dermatologist,"MBBS, DVD"
Dr. Shirin Bakshi,53 years experience overall,Patparganj,Delhi,₹1000,Dermatologist,"MD - Dermatology , Venereology & Leprosy, MBBS"
Dr. Nisha Shokeen,14 years experience overall,Panchsheel Park,Delhi,₹1000,Dermatologist,"MBBS, DDVL"
Dr. Sumaiyah Faizan,10 years experience overall,Mehrauli,Delhi,₹1000,Dermatologist,"MBBS, MD - Dermatology"
Dr. Chandni Jain,12 years experience overall,Shivalik,Delhi,₹1500,Dermatologist,"MBBS, MD - Dermatology"
Dr. Vinay Singh,13 years experience overall,Punjabi Bagh,Delhi,₹1500,Dermatologist,"MBBS, MD - Skin & VD"
Dr. Neeharika Manchanda,35 years experience overall,Pitampura,Delhi,₹800,Dermatologist,"DNB - Dermatology & Venereology, MBBS, DDVL"
Dr. Nidhi Rohatgi,6 years experience overall,Vikas Puri,Delhi,₹1600,Dermatologist,"MBBS, MD - Dermatology , Venereology & Leprosy"
Dr. Gaurav Bhardwaj,10 years experience overall,Hari Nagar,Delhi,₹1000,Dermatologist,"MBBS, MD - Dermatology"
Dr. Sushil Kumar Chaudhry,40 years experience overall,Safdarjung Enclave,Delhi,₹1000,Dermatologist,"MD - Dermatology and Venerology, MBBS"
Dr. Kashish Kalra,21 years experience overall,Burari,Delhi,₹650,Dermatologist,"MBBS, MD - Dermatology"
Dr. Mukesh Girdhar,28 years experience overall,Panchsheel Park,Delhi,₹1500,Dermatologist,"MBBS, MD - Dermatology , Venereology & Leprosy"
Dr. Bhawna Bhardwaj,15 years experience overall,East Of Kailash,Delhi,₹1500,Dermatologist,"DDVL, MBBS"
Dr. Deepak Jakhar,25 years experience overall,Janakpuri,Delhi,₹900,Dermatologist,"MBBS, MD - Dermatology , Venereology & Leprosy"
Dr. Mukesh Manjhi,27 years experience overall,Ram Nagar,Delhi,₹700,Dermatologist,"MD - Physician, DNB - Dermatology & Venereology, Diploma in Dermatology"
Dr. Jaishree Noor,5 years experience overall,Krishna Nagar,Delhi,₹700,Dermatologist,"MD - Dermatology , Venereology & Leprosy, MBBS"
Dr. Nidhi Rohatgi,28 years experience overall,Safdarjung Development Area,Delhi,₹1700,Dermatologist,"MBBS, MD - Dermatology , Venereology & Leprosy"
Dr. Lipy Gupta,18 years experience overall,Green Park,Delhi,₹800,Dermatologist,"MBBS, MD - Dermatology , Venereology & Leprosy"
Dr. Munish Paul,28 years experience overall,Dwarka Sector 6,Delhi,₹900,Dermatologist,"MBBS, MD - Dermatology , Venereology & Leprosy, DNB - Dermatology & Venereology"
Dr. Ashwini Kedar,18 years experience overall,Old Rajendra Nagar,Delhi,₹500,Dermatologist,"MD - Dermatology , Venereology & Leprosy, MBBS"
Dr. Divya Aggarwal,21 years experience overall,Shalimar Bagh,Delhi,₹800,Dermatologist,"MBBS, MD - Dermatology , Venereology & Leprosy"
Dr. Parul Singh,10 years experience overall,Kalkaji,Delhi,₹1000,Dermatologist,"MBBS, MD - Skin & VD"
Dr. Mukesh Manjhi,15 years experience overall,Lajpat Nagar,Delhi,₹500,Dermatologist,"MD - Dermatology , Venereology & Leprosy, MBBS"
Dr. Rashmi Naldeega,10 years experience overall,Mehrauli,Delhi,₹600,Dermatologist,"MBBS, MD - Dermatology"
Dr. Deepak Jakhar,9 years experience overall,Dwarka Sector 19,Delhi,₹600,Dermatologist,"MD - Dermatology and Venerology, MBBS"
Dr. Latika Arya,30 years experience overall,Defence Colony,Delhi,₹2600,Dermatologist,"MBBS, Diploma in Dermatology"
Dr. Abhishek Sharma,12 years experience overall,Dwarka Sector 6,Delhi,₹1000,Dermatologist,"MBBS, MD - Dermatology , Venereology & Leprosy"
Dr. Prakash Kumar Khute,12 years experience overall,Okhla,Delhi,₹1000,Dermatologist,"MBBS, Masters in Clinical Dermatology"
Dr. Mahesh Verma,10 years experience overall,Pusa Road,Delhi,₹700,Dermatologist,"MBBS, MD - Dermatology and Venerology"
Dr. Jai Dhingra,12 years experience overall,Panchsheel Park,Delhi,₹600,Dermatologist,"MD - Dermatology , Venereology & Leprosy, MBBS"
Dr. Tanvi Gupta Arora,12 years experience overall,Saket,Delhi,₹1000,Dermatologist,"DDV, MBBS"
Dr. Niharika Dixit,10 years experience overall,Kalkaji,Delhi,₹700,Dermatologist,"MBBS, MD - Dermatology and Venerology"
Dr. Ritu Gupta,25 years experience overall,Anand Vihar,Delhi,₹800,Dermatologist,"MBBS, MD - Dermatology"
Dr. Jaishree Noor,19 years experience overall,Anand Vihar,Delhi,₹1500,Dermatologist,"MBBS, MD - Dermatology , Venereology & Leprosy"
Dr. J.K. Jain,53 years experience overall,Pusa Road,Delhi,₹600,Dermatologist,"MD - Dermatology , Venereology & Leprosy, MBBS"
Dr. Jasmine Kohli,4 years experience overall,Rohini,Delhi,₹1000,Dermatologist,"MBBS, DVD"
Dr. Meenakshi Kapoor,13 years experience overall,Paschim Vihar,Delhi,₹800,Dermatologist,"MBBS, MD - Dermatology , Venereology & Leprosy"
Dr. Chiranjiv Chhabra,27 years experience overall,Panchsheel Park,Delhi,₹2000,Dermatologist,"MBBS, Diploma in Dermatology"
Dr. Alisha Aneja,10 years experience overall,Rohini,Delhi,₹800,Dermatologist,"MBBS, MD - Dermatology , Venereology & Leprosy"
Dr. Aneet Kaur,5 years experience overall,Anand Vihar,Delhi,₹600,Dermatologist,"MBBS, MD - Dermatology and Venerology"
Dr. Safa I.Patrik,8 years experience overall,Anand Vihar,Delhi,₹600,Dermatologist,"MBBS, MD - Dermatology , Venereology & Leprosy"
Dr. Anjana Kalia,22 years experience overall,Maharani Bagh,Delhi,₹1000,Dietitian,MSc - Nutrition and Dietetics
Ms. Shweta,15 years experience overall,Defence Colony,Delhi,₹700,Dietitian,M.Sc. - Food and Nutrition
Dr. Pankaj Kumar,16 years experience overall,Punjabi Bagh,Delhi,₹1500,Dietitian,"Diploma in Dietetics, Health and Nutrition (DDHN)"
Ms. Priyanka Jaiswal,12 years experience overall,Dwarka,Delhi,₹1000,Dietitian,"Diploma in Dietetics & Weight Management, PG Diploma in Preventive & Applied Nutrition"
Dr. Sugeeta Mutreja,23 years experience overall,Subhash Nagar,Delhi,₹1000,Dietitian,"Diploma in Dietetics, Health and Nutrition (DDHN)"
Mr. Himanshu Rai,16 years experience overall,Vasant Kunj,Delhi,₹500,Dietitian,M.Sc. - Home Science (Food & Nutrition)
Ms. Neha Agarwal,20 years experience overall,Vikas Puri,Delhi,₹3500,Dietitian,B.Sc. - Home Science (Food & Nutrition)
Ms. Raminder Kaur Deshmukh,32 years experience overall,Gujranwala Town,Delhi,₹1000,Dietitian,Post Graduation Diploma in Dietetics
Ms. Dt. Shilpa Chawla,21 years experience overall,Lajpat Nagar,Delhi,₹1500,Dietitian,Diploma in Dietetics & Public Health Nutrition (DDPHN)
Dr. Praveen Rustagi,27 years experience overall,Patparganj,Delhi,₹1500,Dietitian,"DNHE, Diploma in Dietetics, Health and Nutrition (DDHN), Post Graduation Diploma in Dietetics and Public Health Nutrition"
Ms. Sakshi Kohli,13 years experience overall,Paschim Vihar,Delhi,₹1500,Dietitian,Post Graduate Diploma in Applied Nutrition and Dietetics
Ms. Dietician Nisha Malhotra,40 years experience overall,Rohini,Delhi,₹1000,Dietitian,Certificate in Food and Nutrition
Ms. Avni Kaul,11 years experience overall,Saket,Delhi,₹500,Dietitian,MSc - Nutrition and Dietetics
Ms. Priyanka Jaiswal,12 years experience overall,Maharani Bagh,Delhi,₹500,Dietitian,M.Sc. - Home Science (Food & Nutrition)
Ms. Divya Gandhi,9 years experience overall,Ashok Vihar,Delhi,₹450,Dietitian,"MSc - Food and Applied Nutrition, Diploma in Diet and Nutrition"
Ms. Geetika Chopra,19 years experience overall,Lajpat Nagar,Delhi,₹1000,Dietitian,BAMS
Ms. Ritika Samaddar,24 years experience overall,Saket,Delhi,₹4000,Dietitian,Post Graduation Diploma in Dietetics and Public Health Nutrition
Ms. Neeru Dawra,7 years experience overall,Rohini Sector 11,Delhi,₹1400,Dietitian,DNHE
Ms. Dt Priya Mittal,6 years experience overall,Greater Kailash Part 1,Delhi,₹500,Dietitian,MSc - Dietitics / Nutrition
Ms. Babita,10 years experience overall,Dwarka,Delhi,₹1500,Dietitian,MSc. - Dietetics & Food Service Management
Ms. Ritu Arora,23 years experience overall,Paschim Vihar,Delhi,₹1000,Dietitian,"Diploma in Diet and Nutrition, BSc - Dietitics / Nutrition"
Ms. Priya Arya,40 years experience overall,Chattarpur,Delhi,₹800,Dietitian,"Diploma in Dietetics, Health and Nutrition (DDHN)"
Ms. Bipasha Das,8 years experience overall,CR Park,Delhi,₹1400,Dietitian,Diploma in Diet and Nutrition
Ms. Monisha Ashokan,7 years experience overall,Greater Kailash,Delhi,₹2000,Dietitian,MSc. - Nutrition Sciences
Ms. Pallavi Larecha,11 years experience overall,Shalimar Bagh,Delhi,₹450,Dietitian,"MSc - Food and Applied Nutrition, Diploma in Naturopathy & Yoga (NDDY)"
Dr. Sunita Choudhary,17 years experience overall,Vasant Kunj,Delhi,₹300,Dietitian,"BAMS, DNHE"
Ms. Shilpa Thakur,13 years experience overall,Greater Kailash Part 1,Delhi,₹500,Dietitian,Diploma in Nutrition and Health Education
Ms. Neha Agarwal,24 years experience overall,Subhash Nagar,Delhi,₹1000,Dietitian,"MSc - Nutrition and Dietetics, BSc. - Home Science"
Ms. Mansi Nigam,7 years experience overall,Saket,Delhi,₹500,Dietitian,"BSc - Dietitics / Nutrition, M.Sc. - Food and Nutrition"
Ms. Monica Kapur,9 years experience overall,Pitampura,Delhi,₹1000,Dietitian,Diploma in Dietetics & Public Health Nutrition (DDPHN)
Ms. Diksha Gulati,8 years experience overall,Greater Kailash Part 1,Delhi,₹500,Dietitian,BSc - Dietitics / Nutrition
Ms. Monika Arora,20 years experience overall,Saket,Delhi,₹300,Dietitian,PGD in Nutrition and Dietetics
Ms. Divya Narang,17 years experience overall,Greater Kailash Part 1,Delhi,₹3500,Dietitian,M.Sc. - Home Science (Food & Nutrition)
Ms. Swarn Shikha Sharma,17 years experience overall,Rohini Sector 11,Delhi,₹300,Dietitian,MSc. - Nutrition Sciences
Ms. Charu Dua,23 years experience overall,Rajouri Garden,Delhi,₹1500,Dietitian,Diploma in Dietetics & Public Health Nutrition (DDPHN)
Ms. Somya Jain,8 years experience overall,Greater Kailash,Delhi,₹2000,Dietitian,"BAMS, DNHE"
Ms. Shalu Ahuja,7 years experience overall,Gulmohar Park,Delhi,₹1500,Dietitian,"Diploma in Nutrition and Health Education, Diploma in Diet and Nutrition, Diploma in Diet and Nutrition"
Ms. Swati Srivastava,15 years experience overall,Ashok Vihar,Delhi,₹1000,Dietitian,"MSc - Dietitics / Nutrition, BSc. - Home Science"
Ms. Nupur Jain,6 years experience overall,Shalimar Bagh,Delhi,₹1000,Dietitian,"MBBS, DNB - Family Medicine, DNHE"
Ms. Sweety Bhatt,6 years experience overall,Greater Kailash Part 1,Delhi,₹500,Dietitian,"BAMS, Fellowship in Applied Nutrition(FAN)"
Dr. Manish Jain,19 years experience overall,Pusa Road,Delhi,₹1800,Psychiatrist,"MBBS, M.D. (Psychiatry)"
Dr. Manish Sarkar,27 years experience overall,CR Park,Delhi,₹2000,Psychiatrist,"DPM (Psychiatry), MBBS"
Dr. Anuneet Sabharwal,21 years experience overall,Vivek Vihar,Delhi,₹1000,Psychiatrist,"MBBS, M.D. (Psychiatry)"
Dr. Amit Garg,20 years experience overall,Rohini Sector 9,Delhi,₹1500,Psychiatrist,"MBBS, M.D. (Psychiatry)"
Dr. Neatu Narang,13 years experience overall,Sarita Vihar,Delhi,₹2500,Psychiatrist,"MBBS, DNB - Psychiatry"
Dr. Kushal jain,18 years experience overall,Lajpat Nagar,Delhi,₹1100,Psychiatrist,"MBBS, M.D. (Psychiatry)"
Dr. Paramjeet Singh,12 years experience overall,Karol Bagh,Delhi,₹1200,Psychiatrist,"MBBS, M.D. (Psychiatry)"
Dr. Ankit Gupta,19 years experience overall,CR Park,Delhi,₹1250,Psychiatrist,"MBBS, DPM (Psychiatry), DNB - Psychiatry"
Dr. Srikant Sharma,20 years experience overall,Patel Nagar East,Delhi,₹1500,Psychiatrist,"MBBS, DPM (Psychiatry), DNB - Psychiatry"
Dr. Rajesh Kumar,15 years experience overall,Karkardooma,Delhi,₹1000,Psychiatrist,"M.D. (Psychiatry), MBBS"
Dr. Priyanka Gautam,10 years experience overall,Saket,Delhi,₹1500,Psychiatrist,"MBBS, M.D. (Psychiatry)"
Dr. Animesh Sharma,17 years experience overall,South Extension 1,Delhi,₹800,Psychiatrist,"MBBS, M.D. (Psychiatry)"
Dr. Sheenam Goyal,18 years experience overall,Paschim Vihar,Delhi,₹1500,Psychiatrist,"DNB - Psychiatry, MBBS"
Dr. Atmesh Kumar,20 years experience overall,Rohini,Delhi,₹1200,Psychiatrist,"DNB - Psychiatry, MBBS"
Dr. Sandeep Govil,16 years experience overall,Shalimar Bagh,Delhi,₹1000,Psychiatrist,"MBBS, M.D. (Psychiatry)"
Dr. Sasha Raikhy,19 years experience overall,Safdarjung Enclave,Delhi,₹1500,Psychiatrist,"MBBS, M.D. (Psychiatry)"
Dr. Apala Singh,16 years experience overall,Pitampura,Delhi,₹1000,Psychiatrist,"MBBS, M.D. (Psychiatry), DPM (Psychiatry)"
Dr. Sugandha Gupta,23 years experience overall,Karol Bagh,Delhi,₹1200,Psychiatrist,"MBBS, DPM (Psychiatry)"
Dr. Monica Chib,16 years experience overall,Sarita Vihar,Delhi,₹2500,Psychiatrist,"MBBS, M.D. (Psychiatry)"
Dr. Rajan,13 years experience overall,Pitampura,Delhi,₹1200,Psychiatrist,"DNB - Psychiatry, MBBS"
Dr. Anil Yadav,7 years experience overall,Green Park,Delhi,₹2000,Psychiatrist,"M.D. (Psychiatry), MBBS"
Dr. Bhavneet Kaur Kapoor,13 years experience overall,Lajpat Nagar 4,Delhi,₹1000,Psychiatrist,"MBBS, M.D. (Psychiatry)"
Dr. L C Sunda,17 years experience overall,Paschim Vihar,Delhi,₹1800,Psychiatrist,"MBBS, DNB - Psychiatry"
Dr. Sagar Verma,11 years experience overall,Pitampura,Delhi,₹1000,Psychiatrist,"M.D. (Psychiatry), MBBS"
Dr. Bhagwat N Rajput,11 years experience overall,Dwarka,Delhi,₹1500,Psychiatrist,"M.D. (Psychiatry), MBBS"
Dr. Deepak Verma,12 years experience overall,Paschim Vihar,Delhi,₹1500,Psychiatrist,"MBBS, DNB - Psychiatry"
Dr. Samant Darshi,7 years experience overall,Lajpat Nagar 4,Delhi,₹1500,Psychiatrist,"MBBS, M.D. (Psychiatry)"
Dr. Ashitabh Tiwari,15 years experience overall,Pusa Road,Delhi,₹1200,Psychiatrist,"MBBS, DPM (Psychiatry), DNB - Psychiatry"
Dr. Shashi Bhushan Kumar,10 years experience overall,Shalimar Bagh,Delhi,₹1500,Psychiatrist,"M.D. (Psychiatry), MBBS"
Dr. Pallavi Rajhans,20 years experience overall,Siri Fort Road,Delhi,₹1500,Psychiatrist,"MBBS, DPM (Psychiatry)"
Dr. Somnath Sengupta,33 years experience overall,Greater Kailash Part 2,Delhi,₹2000,Psychiatrist,"MD - Psychological Medicine, MBBS"
Dr. Amiya Banerjee,26 years experience overall,Safdarjung Enclave,Delhi,₹3000,Psychiatrist,"MBBS, M.D. (Psychiatry)"
Dr. Dev Rai,10 years experience overall,Jangpura,Delhi,₹1200,Psychiatrist,"MBBS, M.D. (Psychiatry)"
Dr. K V S Lakshmi,8 years experience overall,Vasant Kunj,Delhi,₹1500,Psychiatrist,"M.D. (Psychiatry), MBBS"
Dr. Himanshu Nirvan,14 years experience overall,Greater Kailash Part 1,Delhi,₹1400,Psychiatrist,"MBBS, M.D. (Psychiatry)"
Dr. Arvind Gautam,17 years experience overall,Dwarka Sector 6,Delhi,₹1500,Psychiatrist,"MBBS, M.D. (Psychiatry)"
Dr. Neha aggarwal,13 years experience overall,Janakpuri,Delhi,₹1100,Psychiatrist,"MBBS, DNB - Psychiatry"
Dr. Soumiya Mudgal,17 years experience overall,South Extension 2,Delhi,₹1500,Psychiatrist,"MBBS, M.D. (Psychiatry)"
Dr. Varsha Mahadik,13 years experience overall,CR Park,Delhi,₹1000,Psychiatrist,"MBBS, DNB - Psychiatry"
Dr. Prashant Goyal,20 years experience overall,Vikas Puri,Delhi,₹1500,Psychiatrist,"M.D. (Psychiatry), MBBS"
Dr. Ratnarakshit Ingole,18 years experience overall,Saket,Delhi,₹1000,Psychiatrist,"MBBS, M.D. (Psychiatry)"
Dr. Neha Salhotra,11 years experience overall,Rohini,Delhi,₹1000,Psychiatrist,"M.D. (Psychiatry), MBBS"
Dr. Sumit Kumar Gupta,19 years experience overall,Pitampura,Delhi,₹1200,Psychiatrist,"MBBS, M.D. (Psychiatry)"
Dr. Shiraz,17 years experience overall,Okhla Industrial Estate,Delhi,₹1500,Psychiatrist,"MBBS, DNB - Psychiatry"
Dr. Anjali Nagpal,27 years experience overall,Vasant Kunj,Delhi,₹2000,Psychiatrist,"MBBS, M.D. (Psychiatry)"
Dr. Gourav Gupta,15 years experience overall,Rohini Sector 8,Delhi,₹800,Psychiatrist,"MBBS, DNB - Psychiatry"
Dr. Desiree Saimbi,11 years experience overall,Jhandewalan,Delhi,₹1200,Psychiatrist,"MBBS, DNB - Psychiatry"
Dr. Akshara Mishra,11 years experience overall,Madhu Vihar,Delhi,₹900,Psychiatrist,"MBBS, M.D. (Psychiatry)"
Dr. Raj Kumar Srivastava,28 years experience overall,Patparganj,Delhi,₹1500,Psychiatrist,"MBBS, M.D. (Psychiatry)"
Dr. Khushboo Kansal,10 years experience overall,Paschim Vihar,Delhi,₹1000,Psychiatrist,"MBBS, M.D. (Psychiatry)"
Dr. Madhusudan Singh Solanki,17 years experience overall,Saket,Delhi,₹1500,Psychiatrist,"M.D. (Psychiatry), MBBS"
Dr. Lav Kaushik,16 years experience overall,Malviya Nagar,Delhi,₹900,Psychiatrist,"MBBS, M.D. (Psychiatry)"
Dr. Ananya Choudhury,19 years experience overall,Okhla,Delhi,₹1500,Psychiatrist,"M.D. (Psychiatry), MBBS"
Dr. Vishal Chhabra,23 years experience overall,Okhla,Delhi,₹1500,Psychiatrist,"MBBS, MRCPsych, M.D. (Psychiatry)"
Dr. Rajesh Mehta,45 years experience overall,Rajouri Garden,Delhi,₹1200,Psychiatrist,"M.D. (Psychiatry), MBBS"
Dr. Danish Hussain,11 years experience overall,Chattarpur,Delhi,₹2500,Psychiatrist,"M.D. (Psychiatry), MBBS, Master of Public Health (MPH)"
Dr. Anant Agarwal,10 years experience overall,Old Rajendra Nagar,Delhi,₹1500,Psychiatrist,"MBBS, M.D. (Psychiatry), DNB - Psychiatry"
Dr. Rahul Chandhok,25 years experience overall,Okhla,Delhi,₹1500,Psychiatrist,"MBBS, M.D. (Psychiatry)"
Dr. Shraddha Chaudhary,10 years experience overall,Vasant Kunj,Delhi,₹1200,Psychiatrist,"MBBS, M.D. (Psychiatry)"
Dr. Prashant Mishra,12 years experience overall,Naraina,Delhi,₹1600,Psychiatrist,"MBBS, DPM (Psychiatry)"
Dr. Sonal Vermani,11 years experience overall,Preet Vihar,Delhi,₹700,Psychiatrist,"MBBS, M.D. (Psychiatry)"
Dr. Gautam Banga,18 years experience overall,Greater Kailash Part 1,Delhi,₹1500,Urologist,"MBBS, MS - General Surgery, DNB - Urology/Genito - Urinary Surgery"
Dr. H.S.Bhatyal,51 years experience overall,Pusa Road,Delhi,₹1500,Urologist,"MBBS, MS - General Surgery, DNB - Urology/Genito - Urinary Surgery"
Dr. Parag Gupta,25 years experience overall,Janakpuri,Delhi,₹800,Urologist,"MBBS, MS - General Surgery, MCh - Urology"
Dr. Pragnesh Desai,19 years experience overall,Saket,Delhi,₹1000,Urologist,"MBBS, MS - General Surgery, DNB - General Surgery, DNB - Urology/Genito - Urinary Surgery"
Dr. Ashish Saini,20 years experience overall,Greater Kailash Part 1,Delhi,₹1100,Urologist,"MBBS, MS - General Surgery, MCh - Urology/Genito-Urinary Surgery"
Dr. Ankur Arya,13 years experience overall,Pusa Road,Delhi,₹1200,Urologist,"MBBS, MS - General Surgery, MCh - Urology, Fellowship in Laparoscopic and Robotic Surgical Oncology"
Dr. Rajat Arora,19 years experience overall,Shalimar Bagh,Delhi,₹600,Urologist,"MBBS, MS - General Surgery, MCh - Urology"
Dr. Rohit Kaushal,15 years experience overall,Saket,Delhi,₹800,Urologist,"MBBS, MS - General Surgery, MCh - Urology"
Dr. Vishal Dutt Gour,21 years experience overall,Greater Kailash Part 1,Delhi,₹1500,Urologist,"MBBS, MS - General Surgery, MCh - Urology"
Dr. Anant Kumar,43 years experience overall,Saket,Delhi,₹2000,Urologist,"MCh - Urology, MBBS, MS - General Surgery"
Dr. Gaurav Garg,12 years experience overall,Saket,Delhi,₹1000,Urologist,"MBBS, MS - General Surgery, DNB - Urology/Genito - Urinary Surgery"
Dr. Ruchir Maheshwari,22 years experience overall,Saket,Delhi,₹1200,Urologist,"MCh - Urology, MS - General Surgery, MBBS"
Dr. Anurag Puri,17 years experience overall,Vasant Kunj,Delhi,₹1000,Urologist,"MBBS, MS - General Surgery, MCh - Urology/Genito-Urinary Surgery"
Dr. Rajinder Yadav,50 years experience overall,Shalimar Bagh,Delhi,₹1500,Urologist,"MCh - Urology, MS - General Surgery, MBBS"
Dr. Yashdeep Rustagi,15 years experience overall,Shalimar Bagh,Delhi,₹800,Urologist,"MBBS, MS - General Surgery, MCh - Urology/Genito-Urinary Surgery"
Dr. Arun Antony,14 years experience overall,Vikas Puri,Delhi,₹1000,Urologist,"MBBS, MS - General Surgery, MCh - Urology"
Dr. Piyush Varshney,20 years experience overall,Vasundhra Enclave,Delhi,₹600,Urologist,"MBBS, Diploma in Urology"
Dr. Waheedu Zaman,29 years experience overall,Rohini,Delhi,₹900,Urologist,"MBBS, MS - General Surgery, MCh - Urology"
Dr. Harbinder Singh,19 years experience overall,Rohini Sector 3,Delhi,₹800,Urologist,"MBBS, MS - General Surgery, MCh - Urology/Genito-Urinary Surgery, DNB - Urology/Genito - Urinary Surgery, MNAMS - Urology"
Dr. Rajesh Taneja,37 years experience overall,Sarita Vihar,Delhi,₹1500,Urologist,"MBBS, MS - General Surgery, MCh - Urology"
Dr. Samit Chaturvedi,20 years experience overall,Vasant Kunj,Delhi,₹1200,Urologist,"MBBS, MS - General Surgery, Diploma in Urology"
Dr. Anish Kumar Gupta,18 years experience overall,Saket,Delhi,₹800,Urologist,"MBBS, MS - General Surgery, DNB - Urology/Genito - Urinary Surgery"
Dr. Vikas Jain,23 years experience overall,Safdarjung Enclave,Delhi,₹1500,Urologist,"MS - General Surgery, DNB - Urology/Genito - Urinary Surgery, MBBS"
Dr. Harwinder Singh Chauhan,27 years experience overall,Patparganj,Delhi,₹800,Urologist,"MBBS, MS - General Surgery, MCh - Urology/Genito-Urinary Surgery"
Dr. Suresh K Rawat,43 years experience overall,Patparganj,Delhi,₹1500,Urologist,"MBBS, MS - General Surgery, Diploma in Urology"
Dr. Ajit Saxena,36 years experience overall,Dwarka Sector 12,Delhi,₹2000,Urologist,"MBBS, MS - General Surgery, DNB - Urology/Genito - Urinary Surgery"
Dr. Anshuman Agarwal,27 years experience overall,Sarita Vihar,Delhi,₹1500,Urologist,"MBBS, DNB - General Surgery, DNB - Urology/Genito - Urinary Surgery"
Dr. Ashish Sabharwal,19 years experience overall,Shalimar Bagh,Delhi,₹1500,Urologist,"MBBS, MS - General Surgery, DNB - Urology/Genito - Urinary Surgery"
Dr. Aditya Pradhan,28 years experience overall,Sarita Vihar,Delhi,₹1500,Urologist,"MS - General Surgery, DNB - Urology/Genito - Urinary Surgery, MBBS"
Dr. Vipin Arora,36 years experience overall,Shalimar Bagh,Delhi,₹1500,Urologist,"MBBS, MS - General Surgery, MCh - Urology/Genito-Urinary Surgery"
Dr. Anjani Kumar Agrawal,28 years experience overall,Saket,Delhi,₹1800,Urologist,"MBBS, MS - General Surgery, MCh - Urology"
Dr. Sanjay Gogoi,25 years experience overall,Dwarka Sector 6,Delhi,₹1100,Urologist,"DNB - Urology/Genito - Urinary Surgery, MBBS, MS - General Surgery"
Dr. Anil Kumar Gulia,24 years experience overall,Okhla,Delhi,₹1500,Urologist,"MBBS, MS - General Surgery, DNB - Urology/Genito - Urinary Surgery, MCh - Urology"
Dr. Anupam Bhargava,34 years experience overall,Saket,Delhi,₹2200,Urologist,"MBBS, MS - General Surgery, MCh - Urology"
Dr. B L Bhan,56 years experience overall,Kilokri,Delhi,₹700,Urologist,"MCh - Urology/Genito-Urinary Surgery, MS - General Surgery, MBBS"
Dr. S K Pal,43 years experience overall,Greater Kailash Part 1,Delhi,₹1500,Urologist,"MBBS, MS - General Surgery, MCh - Urology"
Dr. Chandrakant Kar,25 years experience overall,Dwarka,Delhi,₹600,Urologist,"MBBS, MS - General Surgery, MCh - Urology"
Dr. Rohit Juneja,12 years experience overall,Paschim Vihar,Delhi,₹700,Urologist,"MBBS, MS - General Surgery, MCh - Urology"
Dr. Vimal Dassi,19 years experience overall,Patparganj,Delhi,₹1000,Urologist,"MBBS, MS - General Surgery, MCh - Urology/Genito-Urinary Surgery"
Dr. Yajvender Pratap Singh Rana,19 years experience overall,Pusa Road,Delhi,₹1200,Urologist,"MBBS, MS - General Surgery, MCh - Urology/Genito-Urinary Surgery"
Dr. Swatantra Rao,23 years experience overall,Vasant Vihar,Delhi,₹1000,Urologist,"MBBS, MS - General Surgery, MCh - Urology/Genito-Urinary Surgery, DNB - Urology/Genito - Urinary Surgery"
Dr. Pawan Kesarwani,34 years experience overall,Patparganj,Delhi,₹1000,Urologist,"MBBS, MS - General Surgery, MCh - Urology/Genito-Urinary Surgery"
Dr. (Prof.) Nayan Kumar,22 years experience overall,Safdarjung Enclave,Delhi,₹1000,Urologist,"MBBS, MS - General Surgery, MCh - Urology, DNB - Urology/Genito - Urinary Surgery"
Dr. Shailesh Chandra Sahay,36 years experience overall,Patparganj,Delhi,₹1200,Urologist,"MCh - Urology, MBBS, MS - General Surgery"
Dr. Pankaj Gaur,43 years experience overall,Patparganj,Delhi,₹1000,Urologist,"MBBS, MS - General Surgery, MCh - Urology/Genito-Urinary Surgery"
Dr. Mayank Gupta,15 years experience overall,Patparganj,Delhi,₹1000,Urologist,"MBBS, MS - General Surgery, MCh - Urology, DNB - Urology/Genito - Urinary Surgery"
Dr. Vijay Kumar,31 years experience overall,Saket,Delhi,₹1800,Urologist,"MCh - Urology, DNB - General Surgery, MBBS"
Dr. Paras Singhal,20 years experience overall,Mayur Vihar Ph-I,Delhi,₹800,Urologist,"MBBS, MS - General Surgery, MCh - Urology"
Dr. Ashutosh Kumar,10 years experience overall,Safdarjung Enclave,Delhi,₹1200,Urologist,"MBBS, MS - General Surgery, MCh - Urology"
Dr. Kunwara Vishal Singh,10 years experience overall,Safdarjung Enclave,Delhi,₹1200,Urologist,"MBBS, MS - General Surgery, MCh - Urology"
Dr. (Lt Gen) CS Narayanan,43 years experience overall,Dwarka Sector 6,Delhi,₹1100,Neurologist,"MBBS, MD - General Medicine, DM - Neurology"
Dr. Rajiv Anand,28 years experience overall,Pusa Road,Delhi,₹2000,Neurologist,"MBBS, DNB - Neurology, DM - Neurology"
Dr. Ramandeep S. Dang,48 years experience overall,Greater Kailash Part 1,Delhi,₹1500,Neurologist,"MBBS, MD - Medicine, DM - Neurology"
Dr. Vipin Satija,21 years experience overall,Ashok Vihar,Delhi,₹1000,Neurologist,"MBBS, MD - General Medicine, DM - Neurology"
Dr. P. N. Renjen,17 years experience overall,Sarita Vihar,Delhi,₹2000,Neurologist,"DM - Neurology, MBBS, MD - General Medicine"
Dr. Rohit Bansil,40 years experience overall,Pusa Road,Delhi,₹1500,Neurologist,"MBBS, Diplomate of American Board of Psychiatry and Neurology"
Dr. Sunilkumar Baranwal,44 years experience overall,Pitampura,Delhi,₹1100,Neurologist,"MD - Medicine, DM - Neurology, MBBS"
Dr. Amitabh Gupta,37 years experience overall,Vasant Kunj,Delhi,₹1400,Neurologist,"MBBS, DM - Neurology"
Dr. Col. Joy Dev Mukherji,6 years experience overall,Saket,Delhi,₹2000,Neurologist,"MBBS, MD - General Medicine, DM - Neurology"
Dr. Puneet Agarwal,17 years experience overall,Saket,Delhi,₹2200,Neurologist,"MBBS, DM - Neurology, MD - Medicine"
Dr. Himank Goyal,18 years experience overall,South Extension 2,Delhi,₹1200,Neurologist,"MBBS, MD - Neurology (USA)"
Dr. Shailesh Jain,34 years experience overall,Pitampura,Delhi,₹1200,Neurologist,"MBBS, MD - General Medicine, DM - Neurology"
Dr. Manoj Khanal,25 years experience overall,Pusa Road,Delhi,₹1200,Neurologist,"MBBS, MD - General Medicine, DM - Neurology"
Dr. Vinit Suri,16 years experience overall,Sarita Vihar,Delhi,₹2000,Neurologist,"MBBS, DM - Neurology, MD - General Medicine"
Dr. Vivek Kumar,30 years experience overall,Ashok Vihar Phase 1,Delhi,₹1200,Neurologist,"DM - Neurology, MD - Pediatrics, MD - Pathology, MBBS"
Dr. Rakesh Agrawal,14 years experience overall,Green Park,Delhi,₹2000,Neurologist,"MBBS, MCh - Neuro Surgery, FRCS - Neurosurgery, MS - General Surgery"
Dr. Anoop Kohli,21 years experience overall,Dwarka Sector 6,Delhi,₹1500,Neurologist,"MBBS, MD - General Medicine, DM - Neurology"
Dr. Mukesh Kumar,10 years experience overall,Dwarka Sector 19,Delhi,₹1600,Neurologist,"MBBS, MD - Medicine, DM - Neurology"
Dr. Charu Gauba,14 years experience overall,Sarita Vihar,Delhi,₹1500,Neurologist,"MBBS, DNB - Neurology, DNB - General Medicine"
Dr. Rajashekar Reddy,38 years experience overall,Patparganj,Delhi,₹2200,Neurologist,"MBBS, MD - General Medicine, DM - Neurology"
Dr. Lovelina Singh,40 years experience overall,Okhla,Delhi,₹800,Neurologist,"MBBS, MS - General Surgery, MCh - Neuro Surgery"
Dr. Mohit Goel,34 years experience overall,Dwarka Sector 19,Delhi,₹1200,Neurologist,"MBBS, DM - Neurology"
Dr. Chander Mohan Malhotra,24 years experience overall,Sarita Vihar,Delhi,₹1500,Neurologist,"MBBS, MD - General Medicine, DM - Neurology"
Dr. Dhruv Zutshi,32 years experience overall,Safdarjung Enclave,Delhi,₹900,Neurologist,"MBBS, MD - Medicine, DM - Neurology"
Dr. Rima khanna,11 years experience overall,Pusa Road,Delhi,₹1000,Neurologist,"MBBS, MD - General Medicine, DNB - Neurology"
Dr. Anand Kumar Saxena,17 years experience overall,Patparganj,Delhi,₹1400,Neurologist,"MBBS, MD - Medicine, DNB - General Medicine, DM - Neurology"
Dr. Rajesh Gupta,25 years experience overall,Shalimar Bagh,Delhi,₹1200,Neurologist,"MBBS, MD - Pharmacology and Therapeutics, DM - Neurology"
Dr. Anurag Saxena,23 years experience overall,Shalimar Bagh,Delhi,₹1100,Neurologist,"MBBS, MD - Medicine, Diplomate of American Board of Psychiatry and Neurology"
Dr. Bhaskar Shukla,24 years experience overall,Patparganj,Delhi,₹1200,Neurologist,"DM - Neurology, MD - Medicine, MBBS"
Dr. K K Jindal,38 years experience overall,Pusa Road,Delhi,₹1500,Neurologist,"MBBS, MD - General Medicine, DM - Neurology"
Dr. Khushbu Goel,16 years experience overall,Dwarka Sector 6,Delhi,₹1100,Neurologist,"MBBS, MD - General Medicine, DM - Neurology"
Dr. Vinit Banga,11 years experience overall,Pusa Road,Delhi,₹1700,Neurologist,"MBBS, MS - General Surgery, MCh - Neuro Surgery"
Dr. Nitin Sethi,24 years experience overall,Safdarjung Enclave,Delhi,₹2000,Neurologist,"MD - General Medicine, MBBS, DM - Neurology"
Dr. Kadam Nagpal,17 years experience overall,South Extension 2,Delhi,₹1200,Neurologist,"DM - Neurology, MBBS"
Dr. Shruti Jain,14 years experience overall,Rohini,Delhi,₹1000,Neurologist,"MBBS, MD - General Medicine, DM - Neurology"
Dr. Atul Prasad,38 years experience overall,Pusa Road,Delhi,₹2000,Neurologist,"MBBS, MS - General Surgery, MCh - Neuro Surgery"
Dr. Mukul Varma,39 years experience overall,Sarita Vihar,Delhi,₹2000,Neurologist,"MCh - Neuro Surgery, MS - General Surgery, MBBS"
Dr. Gautam Arora,14 years experience overall,Kamla Nagar,Delhi,₹1100,Neurologist,"MBBS, DNB - Neurosurgery"
Dr. L K Malhotra,37 years experience overall,Sheikh Sarai,Delhi,₹1800,Neurologist,"FRCP, DM - Neurology, MBBS"
Dr. Puja,11 years experience overall,Preet Vihar,Delhi,₹600,Neurologist,"MBBS, MD - General Medicine, DM - Neurology"
Dr. Amit Batra,23 years experience overall,Patparganj,Delhi,₹1000,Neurologist,"MBBS, MS - General Surgery, MCh - Neuro Surgery"
Dr. Sanjay Saxena,24 years experience overall,Patparganj,Delhi,₹1500,Neurologist,"MBBS, MD - Medicine, DM - Neurology"
Dr. Kumar Abhinav,10 years experience overall,Dwarka Sector 6,Delhi,₹1000,Neurologist,"MBBS, MD - Medicine, DM - Neurology"
